id,character
1,gil
2,gil
3,gil
4,gil
5,gil
6,gil
7,gil
8,gil
9,gil
10,gil
11,gil
12,gil
13,gil
14,gil
15,gil
16,gil
17,gil
18,gil
19,gil
20,gil
21,gil
22,gil
23,gil
24,gil
25,gil
26,gil
27,gil
28,gil
29,gil
30,gil
31,gil
32,gil
33,gil
34,gil
35,gil
36,gil
37,gil
38,gil
39,gil
40,gil
41,gil
42,gil
43,gil
44,gil
45,gil
46,gil
47,gil
48,gil
49,gil
50,gil
51,gil
52,gil
53,gil
54,gil
55,gil
56,gil
57,gil
58,gil
59,gil
60,gil
61,gil
62,gil
63,gil
64,gil
65,gil
66,gil
67,gil
68,gil
69,gil
70,gil
71,gil
72,gil
73,gil
74,gil
75,gil
76,gil
77,gil
78,gil
79,gil
80,gil
81,gil
82,gil
83,gil
84,gil
85,gil
86,gil
87,gil
88,gil
89,gil
90,gil
91,gil
92,gil
93,gil
94,gil
95,gil
96,gil
97,gil
98,gil
99,gil
100,gil
101,gil
102,gil
103,gil
104,gil
105,gil
106,gil
107,gil
108,gil
109,gil
110,gil
111,gil
112,gil
113,gil
114,gil
115,gil
116,gil
117,gil
118,gil
119,gil
120,gil
121,gil
122,gil
123,gil
124,gil
125,gil
126,gil
127,gil
128,gil
129,gil
130,gil
131,gil
132,gil
133,gil
134,gil
135,gil
136,gil
137,gil
138,gil
139,gil
140,gil
141,gil
142,gil
143,gil
144,gil
145,gil
146,gil
147,gil
148,gil
149,gil
150,gil
151,gil
152,gil
153,gil
154,gil
155,gil
156,gil
157,gil
158,gil
159,gil
160,gil
161,gil
162,gil
163,gil
164,gil
165,gil
166,gil
167,gil
168,gil
169,gil
170,gil
171,gil
172,gil
173,gil
174,gil
175,gil
176,gil
177,gil
178,gil
179,gil
180,gil
181,gil
182,gil
183,gil
184,gil
185,gil
186,gil
187,gil
188,gil
189,gil
190,gil
191,gil
192,gil
193,gil
194,gil
195,gil
196,gil
197,gil
198,gil
199,gil
200,gil
201,gil
202,gil
203,gil
204,gil
205,gil
206,gil
207,gil
208,gil
209,gil
210,gil
211,gil
212,gil
213,gil
214,gil
215,gil
216,gil
217,gil
218,gil
219,gil
220,gil
221,gil
222,gil
223,gil
224,gil
225,gil
226,gil
227,gil
228,gil
229,gil
230,gil
231,gil
232,gil
233,gil
234,gil
235,gil
236,gil
237,gil
238,gil
239,gil
240,gil
241,gil
242,gil
243,gil
244,gil
245,gil
246,gil
247,gil
248,gil
249,gil
250,gil
251,gil
252,gil
253,gil
254,gil
255,gil
256,gil
257,gil
258,gil
259,gil
260,gil
261,gil
262,gil
263,gil
264,gil
265,gil
266,gil
267,gil
268,gil
269,gil
270,gil
271,gil
272,gil
273,gil
274,gil
275,gil
276,gil
277,gil
278,gil
279,gil
280,gil
281,gil
282,gil
283,gil
284,gil
285,gil
286,gil
287,gil
288,gil
289,gil
290,gil
291,gil
292,gil
293,gil
294,gil
295,gil
296,gil
297,gil
298,gil
299,gil
300,gil
301,gil
302,gil
303,gil
304,gil
305,gil
306,gil
307,gil
308,gil
309,gil
310,gil
311,gil
312,gil
313,gil
314,gil
315,gil
316,gil
317,gil
318,gil
319,gil
320,gil
321,gil
322,gil
323,gil
324,gil
325,gil
326,gil
327,gil
328,gil
329,gil
330,gil
331,gil
332,gil
333,gil
334,gil
335,gil
336,gil
337,gil
338,gil
339,gil
340,gil
341,gil
342,gil
343,gil
344,gil
345,gil
346,gil
347,gil
348,gil
349,gil
350,gil
351,gil
352,gil
353,gil
354,gil
355,gil
356,gil
357,gil
358,gil
359,gil
360,gil
361,gil
362,gil
363,gil
364,gil
365,gil
366,gil
367,gil
368,gil
369,gil
370,gil
371,gil
372,gil
373,gil
374,gil
375,gil
376,gil
377,gil
378,gil
379,gil
380,gil
381,gil
382,gil
383,gil
384,gil
385,gil
386,gil
387,gil
388,gil
389,gil
390,gil
391,gil
392,gil
393,gil
394,gil
395,gil
396,gil
397,gil
398,gil
399,gil
400,gil
401,gil
402,gil
403,gil
404,gil
405,gil
406,gil
407,gil
408,gil
409,gil
410,gil
411,gil
412,gil
413,gil
414,gil
415,gil
416,gil
417,gil
418,gil
419,gil
420,gil
421,gil
422,gil
423,gil
424,gil
425,gil
426,gil
427,gil
428,gil
429,gil
430,gil
431,gil
432,gil
433,gil
434,gil
435,gil
436,gil
437,gil
438,gil
439,gil
440,gil
441,gil
442,gil
443,gil
444,gil
445,gil
446,gil
447,gil
448,gil
449,gil
450,gil
451,gil
452,gil
453,gil
454,gil
455,gil
456,gil
457,gil
458,gil
459,gil
460,gil
461,gil
462,gil
463,gil
464,gil
465,gil
466,gil
467,gil
468,gil
469,gil
470,gil
471,gil
472,gil
473,gil
474,gil
475,gil
476,gil
477,gil
478,gil
479,gil
480,gil
481,gil
482,gil
483,gil
484,gil
485,gil
486,gil
487,gil
488,gil
489,gil
490,gil
491,gil
492,gil
493,gil
494,gil
495,gil
496,gil
497,gil
498,gil
499,gil
500,gil
501,gil
502,gil
503,gil
504,gil
505,gil
506,gil
507,gil
508,gil
509,gil
510,gil
511,gil
512,gil
513,gil
514,gil
515,gil
516,gil
517,gil
518,gil
519,gil
520,gil
521,gil
522,gil
523,gil
524,gil
525,gil
526,gil
527,gil
528,gil
529,gil
530,gil
531,gil
532,gil
533,gil
534,gil
535,gil
536,gil
537,gil
538,gil
539,gil
540,gil
541,gil
542,gil
543,gil
544,gil
545,gil
546,gil
547,gil
548,gil
549,gil
550,gil
551,gil
552,gil
553,gil
554,gil
555,gil
556,gil
557,gil
558,gil
559,gil
560,gil
561,gil
562,gil
563,gil
564,gil
565,gil
566,gil
567,gil
568,gil
569,gil
570,gil
571,gil
572,gil
573,gil
574,gil
575,gil
576,gil
577,gil
578,gil
579,gil
580,gil
581,gil
582,gil
583,gil
584,gil
585,gil
586,gil
587,gil
588,gil
589,gil
590,gil
591,gil
592,gil
593,gil
594,gil
595,gil
596,gil
597,gil
598,gil
599,gil
600,gil
601,gil
602,gil
603,gil
604,gil
605,gil
606,gil
607,gil
608,gil
609,gil
610,gil
611,gil
612,gil
613,gil
614,gil
615,gil
616,gil
617,gil
618,gil
619,gil
620,gil
621,gil
622,gil
623,gil
624,gil
625,gil
626,gil
627,gil
628,gil
629,gil
630,gil
631,gil
632,gil
633,gil
634,gil
635,gil
636,gil
637,gil
638,gil
639,gil
640,gil
641,gil
642,gil
643,gil
644,gil
645,gil
646,gil
647,gil
648,gil
649,gil
650,gil
651,gil
652,gil
653,gil
654,gil
655,gil
656,gil
657,gil
658,gil
659,gil
660,gil
661,gil
662,gil
663,gil
664,gil
665,gil
666,gil
667,gil
668,gil
669,gil
670,gil
671,gil
672,gil
673,gil
674,gil
675,gil
676,gil
677,gil
678,gil
679,gil
680,gil
681,gil
682,gil
683,gil
684,gil
685,gil
686,gil
687,gil
688,gil
689,gil
690,gil
691,gil
692,gil
693,gil
694,gil
695,gil
696,gil
697,gil
698,gil
699,gil
700,gil
701,gil
702,gil
703,gil
704,gil
705,gil
706,gil
707,gil
708,gil
709,gil
710,gil
711,gil
712,gil
713,gil
714,gil
715,gil
716,gil
717,gil
718,gil
719,gil
720,gil
721,gil
722,gil
723,gil
724,gil
725,gil
726,gil
727,gil
728,gil
729,gil
730,gil
731,gil
732,gil
733,gil
734,gil
735,gil
736,gil
737,gil
738,gil
739,gil
740,gil
741,gil
742,gil
743,gil
744,gil
745,gil
746,gil
747,gil
748,gil
749,gil
750,gil
751,gil
752,gil
753,gil
754,gil
755,gil
756,gil
757,gil
758,gil
759,gil
760,gil
761,gil
762,gil
763,gil
764,gil
765,gil
766,gil
767,gil
768,gil
769,gil
770,gil
771,gil
772,gil
773,gil
774,gil
775,gil
776,gil
777,gil
778,gil
779,gil
780,gil
781,gil
782,gil
783,gil
784,gil
785,gil
786,gil
787,gil
788,gil
789,gil
790,gil
791,gil
792,gil
793,gil
794,gil
795,gil
796,gil
797,gil
798,gil
799,gil
800,gil
801,gil
802,gil
803,gil
804,gil
805,gil
806,gil
807,gil
808,gil
809,gil
810,gil
811,gil
812,gil
813,gil
814,gil
815,gil
816,gil
817,gil
818,gil
819,gil
820,gil
821,gil
822,gil
823,gil
824,gil
825,gil
826,gil
827,gil
828,gil
829,gil
830,gil
831,gil
832,gil
833,gil
834,gil
835,gil
836,gil
837,gil
838,gil
839,gil
840,gil
841,gil
842,gil
843,gil
844,gil
845,gil
846,gil
847,gil
848,gil
849,gil
850,gil
851,gil
852,gil
853,gil
854,gil
855,gil
856,gil
857,gil
858,gil
859,gil
860,gil
861,gil
862,gil
863,gil
864,gil
865,gil
866,gil
867,gil
868,gil
869,gil
870,gil
871,gil
872,gil
873,gil
874,gil
875,gil
876,gil
877,gil
878,gil
879,gil
880,gil
881,gil
882,gil
883,gil
884,gil
885,gil
886,gil
887,gil
888,gil
889,gil
890,gil
891,gil
892,gil
893,gil
894,gil
895,gil
896,gil
897,gil
898,gil
899,gil
900,gil
901,gil
902,gil
903,gil
904,gil
905,gil
906,gil
907,gil
908,gil
909,gil
910,gil
911,gil
912,gil
913,gil
914,gil
915,gil
916,gil
917,gil
918,gil
919,gil
920,gil
921,gil
922,gil
923,gil
924,gil
925,gil
926,gil
927,gil
928,gil
929,gil
930,gil
931,gil
932,gil
933,gil
934,gil
935,gil
936,gil
937,gil
938,gil
939,gil
940,gil
941,gil
942,gil
943,gil
944,gil
945,gil
946,gil
947,gil
948,gil
949,gil
950,gil
951,gil
952,gil
953,gil
954,gil
955,gil
956,gil
957,gil
958,gil
959,gil
960,gil
961,gil
962,gil
963,gil
964,gil
965,gil
966,gil
967,gil
968,gil
969,gil
970,gil
971,gil
972,gil
973,gil
974,gil
975,gil
976,gil
977,gil
978,gil
979,gil
980,gil
981,gil
982,gil
983,gil
984,gil
985,gil
986,gil
987,gil
988,gil
989,gil
990,gil
991,gil
992,gil
993,gil
994,gil
995,gil
996,gil
997,gil
998,gil
999,gil
1000,gil
1001,gil
1002,gil
1003,gil
1004,gil
1005,gil
1006,gil
1007,gil
1008,gil
1009,gil
1010,gil
1011,gil
1012,gil
1013,gil
1014,gil
1015,gil
1016,gil
1017,gil
1018,gil
1019,gil
1020,gil
1021,gil
1022,gil
1023,gil
1024,gil
1025,gil
1026,gil
1027,gil
1028,gil
1029,gil
1030,gil
1031,gil
1032,gil
1033,gil
1034,gil
1035,gil
1036,gil
1037,gil
1038,gil
1039,gil
1040,gil
1041,gil
1042,gil
1043,gil
1044,gil
1045,gil
1046,gil
1047,gil
1048,gil
1049,gil
1050,gil
1051,gil
1052,gil
1053,gil
1054,gil
1055,gil
1056,gil
1057,gil
1058,gil
1059,gil
1060,gil
1061,gil
1062,gil
1063,gil
1064,gil
1065,gil
1066,gil
1067,gil
1068,gil
1069,gil
1070,gil
1071,gil
1072,gil
1073,gil
1074,gil
1075,gil
1076,gil
1077,gil
1078,gil
1079,gil
1080,gil
1081,gil
1082,gil
1083,gil
1084,gil
1085,gil
1086,gil
1087,gil
1088,gil
1089,gil
1090,gil
1091,gil
1092,gil
1093,gil
1094,gil
1095,gil
1096,gil
1097,gil
1098,gil
1099,gil
1100,gil
1101,gil
1102,gil
1103,gil
1104,gil
1105,gil
1106,gil
1107,gil
1108,gil
1109,gil
1110,gil
1111,gil
1112,gil
1113,gil
1114,gil
1115,gil
1116,gil
1117,gil
1118,gil
1119,gil
1120,gil
1121,gil
1122,gil
1123,gil
1124,gil
1125,gil
1126,gil
1127,gil
1128,gil
1129,gil
1130,gil
1131,gil
1132,gil
1133,gil
1134,gil
1135,gil
1136,gil
1137,gil
1138,gil
1139,gil
1140,gil
1141,gil
1142,gil
1143,gil
1144,gil
1145,gil
1146,gil
1147,gil
1148,gil
1149,gil
1150,gil
1151,gil
1152,gil
1153,gil
1154,gil
1155,gil
1156,gil
1157,gil
1158,gil
1159,gil
1160,gil
1161,gil
1162,gil
1163,gil
1164,gil
1165,gil
1166,gil
1167,gil
1168,gil
1169,gil
1170,gil
1171,gil
1172,gil
1173,gil
1174,gil
1175,gil
1176,gil
1177,gil
1178,gil
1179,gil
1180,gil
1181,gil
1182,gil
1183,gil
1184,gil
1185,gil
1186,gil
1187,gil
1188,gil
1189,gil
1190,gil
1191,gil
1192,gil
1193,gil
1194,gil
1195,gil
1196,gil
1197,gil
1198,gil
1199,gil
1200,gil
1201,gil
1202,gil
1203,gil
1204,gil
1205,gil
1206,gil
1207,gil
1208,gil
1209,gil
1210,gil
1211,gil
1212,gil
1213,gil
1214,gil
1215,gil
1216,gil
1217,gil
1218,gil
1219,gil
1220,gil
1221,gil
1222,gil
1223,gil
1224,gil
1225,gil
1226,gil
1227,gil
1228,gil
1229,gil
1230,gil
1231,gil
1232,gil
1233,gil
1234,gil
1235,gil
1236,gil
1237,gil
1238,gil
1239,gil
1240,gil
1241,gil
1242,gil
1243,gil
1244,gil
1245,gil
1246,gil
1247,gil
1248,gil
1249,gil
1250,gil
1251,gil
1252,gil
1253,gil
1254,gil
1255,gil
1256,gil
1257,gil
1258,gil
1259,gil
1260,gil
1261,gil
1262,gil
1263,gil
1264,gil
1265,gil
1266,gil
1267,gil
1268,gil
1269,gil
1270,gil
1271,gil
1272,gil
1273,gil
1274,gil
1275,gil
1276,gil
1277,gil
1278,gil
1279,gil
1280,gil
1281,gil
1282,gil
1283,gil
1284,gil
1285,gil
1286,gil
1287,gil
1288,gil
1289,gil
1290,gil
1291,gil
1292,gil
1293,gil
1294,gil
1295,gil
1296,gil
1297,gil
1298,gil
1299,gil
1300,gil
1301,gil
1302,gil
1303,gil
1304,gil
1305,gil
1306,gil
1307,gil
1308,gil
1309,gil
1310,gil
1311,gil
1312,gil
1313,gil
1314,gil
1315,gil
1316,gil
1317,gil
1318,gil
1319,gil
1320,gil
1321,gil
1322,gil
1323,gil
1324,gil
1325,gil
1326,gil
1327,gil
1328,gil
1329,gil
1330,gil
1331,gil
1332,gil
1333,gil
1334,gil
1335,gil
1336,gil
1337,gil
1338,gil
1339,gil
1340,gil
1341,gil
1342,gil
1343,gil
1344,gil
1345,gil
1346,gil
1347,gil
1348,gil
1349,gil
1350,gil
1351,gil
1352,gil
1353,gil
1354,gil
1355,gil
1356,gil
1357,gil
1358,gil
1359,gil
1360,gil
1361,gil
1362,gil
1363,gil
1364,gil
1365,gil
1366,gil
1367,gil
1368,gil
1369,gil
1370,gil
1371,gil
1372,gil
1373,gil
1374,gil
1375,gil
1376,gil
1377,gil
1378,gil
1379,gil
1380,gil
1381,gil
1382,gil
1383,gil
1384,gil
1385,gil
1386,gil
1387,gil
1388,gil
1389,gil
1390,gil
1391,gil
1392,gil
1393,gil
1394,gil
1395,gil
1396,gil
1397,gil
1398,gil
1399,gil
1400,gil
1401,gil
1402,gil
1403,gil
1404,gil
1405,gil
1406,gil
1407,gil
1408,gil
1409,gil
1410,gil
1411,gil
1412,gil
1413,gil
1414,gil
1415,gil
1416,gil
1417,gil
1418,gil
1419,gil
1420,gil
1421,gil
1422,gil
1423,gil
1424,gil
1425,gil
1426,gil
1427,gil
1428,gil
1429,gil
1430,gil
1431,gil
1432,gil
1433,gil
1434,gil
1435,gil
1436,gil
1437,gil
1438,gil
1439,gil
1440,gil
1441,gil
1442,gil
1443,gil
1444,gil
1445,gil
1446,gil
1447,gil
1448,gil
1449,gil
1450,gil
1451,gil
1452,gil
1453,gil
1454,gil
1455,gil
1456,gil
1457,gil
1458,gil
1459,gil
1460,gil
1461,gil
1462,gil
1463,gil
1464,gil
1465,gil
1466,gil
1467,gil
1468,gil
1469,gil
1470,gil
1471,gil
1472,gil
1473,gil
1474,gil
1475,gil
1476,gil
1477,gil
1478,gil
1479,gil
1480,gil
1481,gil
1482,gil
1483,gil
1484,gil
1485,gil
1486,gil
1487,gil
1488,gil
1489,gil
1490,gil
1491,gil
1492,gil
1493,gil
1494,gil
1495,gil
1496,gil
1497,gil
1498,gil
1499,gil
1500,gil
1501,gil
1502,gil
1503,gil
1504,gil
1505,gil
1506,gil
1507,gil
1508,gil
1509,gil
1510,gil
1511,gil
1512,gil
1513,gil
1514,gil
1515,gil
1516,gil
1517,gil
1518,gil
1519,gil
1520,gil
1521,gil
1522,gil
1523,gil
1524,gil
1525,gil
1526,gil
1527,gil
1528,gil
1529,gil
1530,gil
1531,gil
1532,gil
1533,gil
1534,gil
1535,gil
1536,gil
1537,gil
1538,gil
1539,gil
1540,gil
1541,gil
1542,gil
1543,gil
1544,gil
1545,gil
1546,gil
1547,gil
1548,gil
1549,gil
1550,gil
1551,gil
1552,gil
1553,gil
1554,gil
1555,gil
1556,gil
1557,gil
1558,gil
1559,gil
1560,gil
1561,gil
1562,gil
1563,gil
1564,gil
1565,gil
1566,gil
1567,gil
1568,gil
1569,gil
1570,gil
1571,gil
1572,gil
1573,gil
1574,gil
1575,gil
1576,gil
1577,gil
1578,gil
1579,gil
1580,gil
1581,gil
1582,gil
1583,gil
1584,gil
1585,gil
1586,gil
1587,gil
1588,gil
1589,gil
1590,gil
1591,gil
1592,gil
1593,gil
1594,gil
1595,gil
1596,gil
1597,gil
1598,gil
1599,gil
1600,gil
1601,gil
1602,gil
1603,gil
1604,gil
1605,gil
1606,gil
1607,gil
1608,gil
1609,gil
1610,gil
1611,gil
1612,gil
1613,gil
1614,gil
1615,gil
1616,gil
1617,gil
1618,gil
1619,gil
1620,gil
1621,gil
1622,gil
1623,gil
1624,gil
1625,gil
1626,gil
1627,gil
1628,gil
1629,gil
1630,gil
1631,gil
1632,gil
1633,gil
1634,gil
1635,gil
1636,gil
1637,gil
1638,gil
1639,gil
1640,gil
1641,gil
1642,gil
1643,gil
1644,gil
1645,gil
1646,gil
1647,gil
1648,gil
1649,gil
1650,gil
1651,gil
1652,gil
1653,gil
1654,gil
1655,gil
1656,gil
1657,gil
1658,gil
1659,gil
1660,gil
1661,gil
1662,gil
1663,gil
1664,gil
1665,gil
1666,gil
1667,gil
1668,gil
1669,gil
1670,gil
1671,gil
1672,gil
1673,gil
1674,gil
1675,gil
1676,gil
1677,gil
1678,gil
1679,gil
1680,gil
1681,gil
1682,gil
1683,gil
1684,gil
1685,gil
1686,gil
1687,gil
1688,gil
1689,gil
1690,gil
1691,gil
1692,gil
1693,gil
1694,gil
1695,gil
1696,gil
1697,gil
1698,gil
1699,gil
1700,gil
1701,gil
1702,gil
1703,gil
1704,gil
1705,gil
1706,gil
1707,gil
1708,gil
1709,gil
1710,gil
1711,gil
1712,gil
1713,gil
1714,gil
1715,gil
1716,gil
1717,gil
1718,gil
1719,gil
1720,gil
1721,gil
1722,gil
1723,gil
1724,gil
1725,gil
1726,gil
1727,gil
1728,gil
1729,gil
1730,gil
1731,gil
1732,gil
1733,gil
1734,gil
1735,gil
1736,gil
1737,gil
1738,gil
1739,gil
1740,gil
1741,gil
1742,gil
1743,gil
1744,gil
1745,gil
1746,gil
1747,gil
1748,gil
1749,gil
1750,gil
1751,gil
1752,gil
1753,gil
1754,gil
1755,gil
1756,gil
1757,gil
1758,gil
1759,gil
1760,gil
1761,gil
1762,gil
1763,gil
1764,gil
1765,gil
1766,gil
1767,gil
1768,gil
1769,gil
1770,gil
1771,gil
1772,gil
1773,gil
1774,gil
1775,gil
1776,gil
1777,gil
1778,gil
1779,gil
1780,gil
1781,gil
1782,gil
1783,gil
1784,gil
1785,gil
1786,gil
1787,gil
1788,gil
1789,gil
1790,gil
1791,gil
1792,gil
1793,gil
1794,gil
1795,gil
1796,gil
1797,gil
1798,gil
1799,gil
1800,gil
1801,gil
1802,gil
1803,gil
1804,gil
1805,gil
1806,gil
1807,gil
1808,gil
1809,gil
1810,gil
1811,gil
1812,gil
1813,gil
1814,gil
1815,gil
1816,gil
1817,gil
1818,gil
1819,gil
1820,gil
1821,gil
1822,gil
1823,gil
1824,gil
1825,gil
1826,gil
1827,gil
1828,gil
1829,gil
1830,gil
1831,gil
1832,gil
1833,gil
1834,gil
1835,gil
1836,gil
1837,gil
1838,gil
1839,gil
1840,gil
1841,gil
1842,gil
1843,gil
1844,gil
1845,gil
1846,gil
1847,gil
1848,gil
1849,gil
1850,gil
1851,gil
1852,gil
1853,gil
1854,gil
1855,gil
1856,gil
1857,gil
1858,gil
1859,gil
1860,gil
1861,gil
1862,gil
1863,gil
1864,gil
1865,gil
1866,gil
1867,gil
1868,gil
1869,gil
1870,gil
1871,gil
1872,gil
1873,gil
1874,gil
1875,gil
1876,gil
1877,gil
1878,gil
1879,gil
1880,gil
1881,gil
1882,gil
1883,gil
1884,gil
1885,gil
1886,gil
1887,gil
1888,gil
1889,gil
1890,gil
1891,gil
1892,gil
1893,gil
1894,gil
1895,gil
1896,gil
1897,gil
1898,gil
1899,gil
1900,gil
1901,gil
1902,gil
1903,gil
1904,gil
1905,gil
1906,gil
1907,gil
1908,gil
1909,gil
1910,gil
1911,gil
1912,gil
1913,gil
1914,gil
1915,gil
1916,gil
1917,gil
1918,gil
1919,gil
1920,gil
1921,gil
1922,gil
1923,gil
1924,gil
1925,gil
1926,gil
1927,gil
1928,gil
1929,gil
1930,gil
1931,gil
1932,gil
1933,gil
1934,gil
1935,gil
1936,gil
1937,gil
1938,gil
1939,gil
1940,gil
1941,gil
1942,gil
1943,gil
1944,gil
1945,gil
1946,gil
1947,gil
1948,gil
1949,gil
1950,gil
1951,gil
1952,gil
1953,gil
1954,gil
1955,gil
1956,gil
1957,gil
1958,gil
1959,gil
1960,gil
1961,gil
1962,gil
1963,gil
1964,gil
1965,gil
1966,gil
1967,gil
1968,gil
1969,gil
1970,gil
1971,gil
1972,gil
1973,gil
1974,gil
1975,gil
1976,gil
1977,gil
1978,gil
1979,gil
1980,gil
1981,gil
1982,gil
1983,gil
1984,gil
1985,gil
1986,gil
1987,gil
1988,gil
1989,gil
1990,gil
1991,gil
1992,gil
1993,gil
1994,gil
1995,gil
1996,gil
1997,gil
1998,gil
1999,gil
2000,gil
2001,gil
2002,gil
2003,gil
2004,gil
2005,gil
2006,gil
2007,gil
2008,gil
2009,gil
2010,gil
2011,gil
2012,gil
2013,gil
2014,gil
2015,gil
2016,gil
2017,gil
2018,gil
2019,gil
2020,gil
2021,gil
2022,gil
2023,gil
2024,gil
2025,gil
2026,gil
2027,gil
2028,gil
2029,gil
2030,gil
2031,gil
2032,gil
2033,gil
2034,gil
2035,gil
2036,gil
2037,gil
2038,gil
2039,gil
2040,gil
2041,gil
2042,gil
2043,gil
2044,gil
2045,gil
2046,gil
2047,gil
2048,gil
2049,gil
2050,gil
2051,gil
2052,gil
2053,gil
2054,gil
2055,gil
2056,gil
2057,gil
2058,gil
2059,gil
2060,gil
2061,gil
2062,gil
2063,gil
2064,gil
2065,gil
2066,gil
2067,gil
2068,gil
2069,gil
2070,gil
2071,gil
2072,gil
2073,gil
2074,gil
2075,gil
2076,gil
2077,gil
2078,gil
2079,gil
2080,gil
2081,gil
2082,gil
2083,gil
2084,gil
2085,gil
2086,gil
2087,gil
2088,gil
2089,gil
2090,gil
2091,gil
2092,gil
2093,gil
2094,gil
2095,gil
2096,gil
2097,gil
2098,gil
2099,gil
2100,gil
2101,gil
2102,gil
2103,gil
2104,gil
2105,gil
2106,gil
2107,gil
2108,gil
2109,gil
2110,gil
2111,gil
2112,gil
2113,gil
2114,gil
2115,gil
2116,gil
2117,gil
2118,gil
2119,gil
2120,gil
2121,gil
2122,gil
2123,gil
2124,gil
2125,gil
2126,gil
2127,gil
2128,gil
2129,gil
2130,gil
2131,gil
2132,gil
2133,gil
2134,gil
2135,gil
2136,gil
2137,gil
2138,gil
2139,gil
2140,gil
2141,gil
2142,gil
2143,gil
2144,gil
2145,gil
2146,gil
2147,gil
2148,gil
2149,gil
2150,gil
2151,gil
2152,gil
2153,gil
2154,gil
2155,gil
2156,gil
2157,gil
2158,gil
2159,gil
2160,gil
2161,gil
2162,gil
2163,gil
2164,gil
2165,gil
2166,gil
2167,gil
2168,gil
2169,gil
2170,gil
2171,gil
2172,gil
2173,gil
2174,gil
2175,gil
2176,gil
2177,gil
2178,gil
2179,gil
2180,gil
2181,gil
2182,gil
2183,gil
2184,gil
2185,gil
2186,gil
2187,gil
2188,gil
2189,gil
2190,gil
2191,gil
2192,gil
2193,gil
2194,gil
2195,gil
2196,gil
2197,gil
2198,gil
2199,gil
2200,gil
2201,gil
2202,gil
2203,gil
2204,gil
2205,gil
2206,gil
2207,gil
2208,gil
2209,gil
2210,gil
2211,gil
2212,gil
2213,gil
2214,gil
2215,gil
2216,gil
2217,gil
2218,gil
2219,gil
2220,gil
2221,gil
2222,gil
2223,gil
2224,gil
2225,gil
2226,gil
2227,gil
2228,gil
2229,gil
2230,gil
2231,gil
2232,gil
2233,gil
2234,gil
2235,gil
2236,gil
2237,gil
2238,gil
2239,gil
2240,gil
2241,gil
2242,gil
2243,gil
2244,gil
2245,gil
2246,gil
2247,gil
2248,gil
2249,gil
2250,gil
2251,gil
2252,gil
2253,gil
2254,gil
2255,gil
2256,gil
2257,gil
2258,gil
2259,gil
2260,gil
2261,gil
2262,gil
2263,gil
2264,gil
2265,gil
2266,gil
2267,gil
2268,gil
2269,gil
2270,gil
2271,gil
2272,gil
2273,gil
2274,gil
2275,gil
2276,gil
2277,gil
2278,gil
2279,gil
2280,gil
2281,gil
2282,gil
2283,gil
2284,gil
2285,gil
2286,gil
2287,gil
2288,gil
2289,gil
2290,gil
2291,gil
2292,gil
2293,gil
2294,gil
2295,gil
2296,gil
2297,gil
2298,gil
2299,gil
2300,gil
2301,gil
2302,gil
2303,gil
2304,gil
2305,gil
2306,gil
2307,gil
2308,gil
2309,gil
2310,gil
2311,gil
2312,gil
2313,gil
2314,gil
2315,gil
2316,gil
2317,gil
2318,gil
2319,gil
2320,gil
2321,gil
2322,gil
2323,gil
2324,gil
2325,gil
2326,gil
2327,gil
2328,gil
2329,gil
2330,gil
2331,gil
2332,gil
2333,gil
2334,gil
2335,gil
2336,gil
2337,gil
2338,gil
2339,gil
2340,gil
2341,gil
2342,gil
2343,gil
2344,gil
2345,gil
2346,gil
2347,gil
2348,gil
2349,gil
2350,gil
2351,gil
2352,gil
2353,gil
2354,gil
2355,gil
2356,gil
2357,gil
2358,gil
2359,gil
2360,gil
2361,gil
2362,gil
2363,gil
2364,gil
2365,gil
2366,gil
2367,gil
2368,gil
2369,gil
2370,gil
2371,gil
2372,gil
2373,gil
2374,gil
2375,gil
2376,gil
2377,gil
2378,gil
2379,gil
2380,gil
2381,gil
2382,gil
2383,gil
2384,gil
2385,gil
2386,gil
2387,gil
2388,gil
2389,gil
2390,gil
2391,gil
2392,gil
2393,gil
2394,gil
2395,gil
2396,gil
2397,gil
2398,gil
2399,gil
2400,gil
2401,gil
2402,gil
2403,gil
2404,gil
2405,gil
2406,gil
2407,gil
2408,gil
2409,gil
2410,gil
2411,gil
2412,gil
2413,gil
2414,gil
2415,gil
2416,gil
2417,gil
2418,gil
2419,gil
2420,gil
2421,gil
2422,gil
2423,gil
2424,gil
2425,gil
2426,gil
2427,gil
2428,gil
2429,gil
2430,gil
2431,gil
2432,gil
2433,gil
2434,gil
2435,gil
2436,gil
2437,gil
2438,gil
2439,gil
2440,gil
2441,gil
2442,gil
2443,gil
2444,gil
2445,gil
2446,gil
2447,gil
2448,gil
2449,gil
2450,gil
2451,gil
2452,gil
2453,gil
2454,gil
2455,gil
2456,gil
2457,gil
2458,gil
2459,gil
2460,gil
2461,gil
2462,gil
2463,gil
2464,gil
2465,gil
2466,gil
2467,gil
2468,gil
2469,gil
2470,gil
2471,gil
2472,gil
2473,gil
2474,gil
2475,gil
2476,gil
2477,gil
2478,gil
2479,gil
2480,gil
2481,gil
2482,gil
2483,gil
2484,gil
2485,gil
2486,gil
2487,gil
2488,gil
2489,gil
2490,gil
2491,gil
2492,gil
2493,gil
2494,gil
2495,gil
2496,gil
2497,gil
2498,gil
2499,gil
2500,gil
2501,gil
2502,gil
2503,gil
2504,gil
2505,gil
2506,gil
2507,gil
2508,gil
2509,gil
2510,gil
2511,gil
2512,gil
2513,gil
2514,gil
2515,gil
2516,gil
2517,gil
2518,gil
2519,gil
2520,gil
2521,gil
2522,gil
2523,gil
2524,gil
2525,gil
2526,gil
2527,gil
2528,gil
2529,gil
2530,gil
2531,gil
2532,gil
2533,gil
2534,gil
2535,gil
2536,gil
2537,gil
2538,gil
2539,gil
2540,gil
2541,gil
2542,gil
2543,gil
2544,gil
2545,gil
2546,gil
2547,gil
2548,gil
2549,gil
2550,gil
2551,gil
2552,gil
2553,gil
2554,gil
2555,gil
2556,gil
2557,gil
2558,gil
2559,gil
2560,gil
2561,gil
2562,gil
2563,gil
2564,gil
2565,gil
2566,gil
2567,gil
2568,gil
2569,gil
2570,gil
2571,gil
2572,gil
2573,gil
2574,gil
2575,gil
2576,gil
2577,gil
2578,gil
2579,gil
2580,gil
2581,gil
2582,gil
2583,gil
2584,gil
2585,gil
2586,gil
2587,gil
2588,gil
2589,gil
2590,gil
2591,gil
2592,gil
2593,gil
2594,gil
2595,gil
2596,gil
2597,gil
2598,gil
2599,gil
2600,gil
2601,gil
2602,gil
2603,gil
2604,gil
2605,gil
2606,gil
2607,gil
2608,gil
2609,gil
2610,gil
2611,gil
2612,gil
2613,gil
2614,gil
2615,gil
2616,gil
2617,gil
2618,gil
2619,gil
2620,gil
2621,gil
2622,gil
2623,gil
2624,gil
2625,gil
2626,gil
2627,gil
2628,gil
2629,gil
2630,gil
2631,gil
2632,gil
2633,gil
2634,gil
2635,gil
2636,gil
2637,gil
2638,gil
2639,gil
2640,gil
2641,gil
2642,gil
2643,gil
2644,gil
2645,gil
2646,gil
2647,gil
2648,gil
2649,gil
2650,gil
2651,gil
2652,gil
2653,gil
2654,gil
2655,gil
2656,gil
2657,gil
2658,gil
2659,gil
2660,gil
2661,gil
2662,gil
2663,gil
2664,gil
2665,gil
2666,gil
2667,gil
2668,gil
2669,gil
2670,gil
2671,gil
2672,gil
2673,gil
2674,gil
2675,gil
2676,gil
2677,gil
2678,gil
2679,gil
2680,gil
2681,gil
2682,gil
2683,gil
2684,gil
2685,gil
2686,gil
2687,gil
2688,gil
2689,gil
2690,gil
2691,gil
2692,gil
2693,gil
2694,gil
2695,gil
2696,gil
2697,gil
2698,gil
2699,gil
2700,gil
2701,gil
2702,gil
2703,gil
2704,gil
2705,gil
2706,gil
2707,gil
2708,gil
2709,gil
2710,gil
2711,gil
2712,gil
2713,gil
2714,gil
2715,gil
2716,gil
2717,gil
2718,gil
2719,gil
2720,gil
2721,gil
2722,gil
2723,gil
2724,gil
2725,gil
2726,gil
2727,gil
2728,gil
2729,gil
2730,gil
2731,gil
2732,gil
2733,gil
2734,gil
2735,gil
2736,gil
2737,gil
2738,gil
2739,gil
2740,gil
2741,gil
2742,gil
2743,gil
2744,gil
2745,gil
2746,gil
2747,gil
2748,gil
2749,gil
2750,gil
2751,gil
2752,gil
2753,gil
2754,gil
2755,gil
2756,gil
2757,gil
2758,gil
2759,gil
2760,gil
2761,gil
2762,gil
2763,gil
2764,gil
2765,gil
2766,gil
2767,gil
2768,gil
2769,gil
2770,gil
2771,gil
2772,gil
2773,gil
2774,gil
2775,gil
2776,gil
2777,gil
2778,gil
2779,gil
2780,gil
2781,gil
2782,gil
2783,gil
2784,gil
2785,gil
2786,gil
2787,gil
2788,gil
2789,gil
2790,gil
2791,gil
2792,gil
2793,gil
2794,gil
2795,gil
2796,gil
2797,gil
2798,gil
2799,gil
2800,gil
2801,gil
2802,gil
2803,gil
2804,gil
2805,gil
2806,gil
2807,gil
2808,gil
2809,gil
2810,gil
2811,gil
2812,gil
2813,gil
2814,gil
2815,gil
2816,gil
2817,gil
2818,gil
2819,gil
2820,gil
2821,gil
2822,gil
2823,gil
2824,gil
2825,gil
2826,gil
2827,gil
2828,gil
2829,gil
2830,gil
2831,gil
2832,gil
2833,gil
2834,gil
2835,gil
2836,gil
2837,gil
2838,gil
2839,gil
2840,gil
2841,gil
2842,gil
2843,gil
2844,gil
2845,gil
2846,gil
2847,gil
2848,gil
2849,gil
2850,gil
2851,gil
2852,gil
2853,gil
2854,gil
2855,gil
2856,gil
2857,gil
2858,gil
2859,gil
2860,gil
2861,gil
2862,gil
2863,gil
2864,gil
2865,gil
2866,gil
2867,gil
2868,gil
2869,gil
2870,gil
2871,gil
2872,gil
2873,gil
2874,gil
2875,gil
2876,gil
2877,gil
2878,gil
2879,gil
2880,gil
2881,gil
2882,gil
2883,gil
2884,gil
2885,gil
2886,gil
2887,gil
2888,gil
2889,gil
2890,gil
2891,gil
2892,gil
2893,gil
2894,gil
2895,gil
2896,gil
2897,gil
2898,gil
2899,gil
2900,gil
2901,gil
2902,gil
2903,gil
2904,gil
2905,gil
2906,gil
2907,gil
2908,gil
2909,gil
2910,gil
2911,gil
2912,gil
2913,gil
2914,gil
2915,gil
2916,gil
2917,gil
2918,gil
2919,gil
2920,gil
2921,gil
2922,gil
2923,gil
2924,gil
2925,gil
2926,gil
2927,gil
2928,gil
2929,gil
2930,gil
2931,gil
2932,gil
2933,gil
2934,gil
2935,gil
2936,gil
2937,gil
2938,gil
2939,gil
2940,gil
2941,gil
2942,gil
2943,gil
2944,gil
2945,gil
2946,gil
2947,gil
2948,gil
2949,gil
2950,gil
2951,gil
2952,gil
2953,gil
2954,gil
2955,gil
2956,gil
2957,gil
2958,gil
2959,gil
2960,gil
2961,gil
2962,gil
2963,gil
2964,gil
2965,gil
2966,gil
2967,gil
2968,gil
2969,gil
2970,gil
2971,gil
2972,gil
2973,gil
2974,gil
2975,gil
2976,gil
2977,gil
2978,gil
2979,gil
2980,gil
2981,gil
2982,gil
2983,gil
2984,gil
2985,gil
2986,gil
2987,gil
2988,gil
2989,gil
2990,gil
2991,gil
2992,gil
2993,gil
2994,gil
2995,gil
2996,gil
2997,gil
2998,gil
2999,gil
3000,gil
3001,gil
3002,gil
3003,gil
3004,gil
3005,gil
3006,gil
3007,gil
3008,gil
3009,gil
3010,gil
3011,gil
3012,gil
3013,gil
3014,gil
3015,gil
3016,gil
3017,gil
3018,gil
3019,gil
3020,gil
3021,gil
3022,gil
3023,gil
3024,gil
3025,gil
3026,gil
3027,gil
3028,gil
3029,gil
3030,gil
3031,gil
3032,gil
3033,gil
3034,gil
3035,gil
3036,gil
3037,gil
3038,gil
3039,gil
3040,gil
3041,gil
3042,gil
3043,gil
3044,gil
3045,gil
3046,gil
3047,gil
3048,gil
3049,gil
3050,gil
3051,gil
3052,gil
3053,gil
3054,gil
3055,gil
3056,gil
3057,gil
3058,gil
3059,gil
3060,gil
3061,gil
3062,gil
3063,gil
3064,gil
3065,gil
3066,gil
3067,gil
3068,gil
3069,gil
3070,gil
3071,gil
3072,gil
3073,gil
3074,gil
3075,gil
3076,gil
3077,gil
3078,gil
3079,gil
3080,gil
3081,gil
3082,gil
3083,gil
3084,gil
3085,gil
3086,gil
3087,gil
3088,gil
3089,gil
3090,gil
3091,gil
3092,gil
3093,gil
3094,gil
3095,gil
3096,gil
3097,gil
3098,gil
3099,gil
3100,gil
3101,gil
3102,gil
3103,gil
3104,gil
3105,gil
3106,gil
3107,gil
3108,gil
3109,gil
3110,gil
3111,gil
3112,gil
3113,gil
3114,gil
3115,gil
3116,gil
3117,gil
3118,gil
3119,gil
3120,gil
3121,gil
3122,gil
3123,gil
3124,gil
3125,gil
3126,gil
3127,gil
3128,gil
3129,gil
3130,gil
3131,gil
3132,gil
3133,gil
3134,gil
3135,gil
3136,gil
3137,gil
3138,gil
3139,gil
3140,gil
3141,gil
3142,gil
3143,gil
3144,gil
3145,gil
3146,gil
3147,gil
3148,gil
3149,gil
3150,gil
3151,gil
3152,gil
3153,gil
3154,gil
3155,gil
3156,gil
3157,gil
3158,gil
3159,gil
3160,gil
3161,gil
3162,gil
3163,gil
3164,gil
3165,gil
3166,gil
3167,gil
3168,gil
3169,gil
3170,gil
3171,gil
3172,gil
3173,gil
3174,gil
3175,gil
3176,gil
3177,gil
3178,gil
3179,gil
3180,gil
3181,gil
3182,gil
3183,gil
3184,gil
3185,gil
3186,gil
3187,gil
3188,gil
3189,gil
3190,gil
3191,gil
3192,gil
3193,gil
3194,gil
3195,gil
3196,gil
3197,gil
3198,gil
3199,gil
3200,gil
3201,gil
3202,gil
3203,gil
3204,gil
3205,gil
3206,gil
3207,gil
3208,gil
3209,gil
3210,gil
3211,gil
3212,gil
3213,gil
3214,gil
3215,gil
3216,gil
3217,gil
3218,gil
3219,gil
3220,gil
3221,gil
3222,gil
3223,gil
3224,gil
3225,gil
3226,gil
3227,gil
3228,gil
3229,gil
3230,gil
3231,gil
3232,gil
3233,gil
3234,gil
3235,gil
3236,gil
3237,gil
3238,gil
3239,gil
3240,gil
3241,gil
3242,gil
3243,gil
3244,gil
3245,gil
3246,gil
3247,gil
3248,gil
3249,gil
3250,gil
3251,gil
3252,gil
3253,gil
3254,gil
3255,gil
3256,gil
3257,gil
3258,gil
3259,gil
3260,gil
3261,gil
3262,gil
3263,gil
3264,gil
3265,gil
3266,gil
3267,gil
3268,gil
3269,gil
3270,gil
3271,gil
3272,gil
3273,gil
3274,gil
3275,gil
3276,gil
3277,gil
3278,gil
3279,gil
3280,gil
3281,gil
3282,gil
3283,gil
3284,gil
3285,gil
3286,gil
3287,gil
3288,gil
3289,gil
3290,gil
3291,gil
3292,gil
3293,gil
3294,gil
3295,gil
3296,gil
3297,gil
3298,gil
3299,gil
3300,gil
3301,gil
3302,gil
3303,gil
3304,gil
3305,gil
3306,gil
3307,gil
3308,gil
3309,gil
3310,gil
3311,gil
3312,gil
3313,gil
3314,gil
3315,gil
3316,gil
3317,gil
3318,gil
3319,gil
3320,gil
3321,gil
3322,gil
3323,gil
3324,gil
3325,gil
3326,gil
3327,gil
3328,gil
3329,gil
3330,gil
3331,gil
3332,gil
3333,gil
3334,gil
3335,gil
3336,gil
3337,gil
3338,gil
3339,gil
3340,gil
3341,gil
3342,gil
3343,gil
3344,gil
3345,gil
3346,gil
3347,gil
3348,gil
3349,gil
3350,gil
3351,gil
3352,gil
3353,gil
3354,gil
3355,gil
3356,gil
3357,gil
3358,gil
3359,gil
3360,gil
3361,gil
3362,gil
3363,gil
3364,gil
3365,gil
3366,gil
3367,gil
3368,gil
3369,gil
3370,gil
3371,gil
3372,gil
3373,gil
3374,gil
3375,gil
3376,gil
3377,gil
3378,gil
3379,gil
3380,gil
3381,gil
3382,gil
3383,gil
3384,gil
3385,gil
3386,gil
3387,gil
3388,gil
3389,gil
3390,gil
3391,gil
3392,gil
3393,gil
3394,gil
3395,gil
3396,gil
3397,gil
3398,gil
3399,gil
3400,gil
3401,gil
3402,gil
3403,gil
3404,gil
3405,gil
3406,gil
3407,gil
3408,gil
3409,gil
3410,gil
3411,gil
3412,gil
3413,gil
3414,gil
3415,gil
3416,gil
3417,gil
3418,gil
3419,gil
3420,gil
3421,gil
3422,gil
3423,gil
3424,gil
3425,gil
3426,gil
3427,gil
3428,gil
3429,gil
3430,gil
3431,gil
3432,gil
3433,gil
3434,gil
3435,gil
3436,gil
3437,gil
3438,gil
3439,gil
3440,gil
3441,gil
3442,gil
3443,gil
3444,gil
3445,gil
3446,gil
3447,gil
3448,gil
3449,gil
3450,gil
3451,gil
3452,gil
3453,gil
3454,gil
3455,gil
3456,gil
3457,gil
3458,gil
3459,gil
3460,gil
3461,gil
3462,gil
3463,gil
3464,gil
3465,gil
3466,gil
3467,gil
3468,gil
3469,gil
3470,gil
3471,gil
3472,gil
3473,gil
3474,gil
3475,gil
3476,gil
3477,gil
3478,gil
3479,gil
3480,gil
3481,gil
3482,gil
3483,gil
3484,gil
3485,gil
3486,gil
3487,gil
3488,gil
3489,gil
3490,gil
3491,gil
3492,gil
3493,gil
3494,gil
3495,gil
3496,gil
3497,gil
3498,gil
3499,gil
3500,gil
3501,gil
3502,gil
3503,gil
3504,gil
3505,gil
3506,gil
3507,gil
3508,gil
3509,gil
3510,gil
3511,gil
3512,gil
3513,gil
3514,gil
3515,gil
3516,gil
3517,gil
3518,gil
3519,gil
3520,gil
3521,gil
3522,gil
3523,gil
3524,gil
3525,gil
3526,gil
3527,gil
3528,gil
3529,gil
3530,gil
3531,gil
3532,gil
3533,gil
3534,gil
3535,gil
3536,gil
3537,gil
3538,gil
3539,gil
3540,gil
3541,gil
3542,gil
3543,gil
3544,gil
3545,gil
3546,gil
3547,gil
3548,gil
3549,gil
3550,gil
3551,gil
3552,gil
3553,gil
3554,gil
3555,gil
3556,gil
3557,gil
3558,gil
3559,gil
3560,gil
3561,gil
3562,gil
3563,gil
3564,gil
3565,gil
3566,gil
3567,gil
3568,gil
3569,gil
3570,gil
3571,gil
3572,gil
3573,gil
3574,gil
3575,gil
3576,gil
3577,gil
3578,gil
3579,gil
3580,gil
3581,gil
3582,gil
3583,gil
3584,gil
3585,gil
3586,gil
3587,gil
3588,gil
3589,gil
3590,gil
3591,gil
3592,gil
3593,gil
3594,gil
3595,gil
3596,gil
3597,gil
3598,gil
3599,gil
3600,gil
3601,gil
3602,gil
3603,gil
3604,gil
3605,gil
3606,gil
3607,gil
3608,gil
3609,gil
3610,gil
3611,gil
3612,gil
3613,gil
3614,gil
3615,gil
3616,gil
3617,gil
3618,gil
3619,gil
3620,gil
3621,gil
3622,gil
3623,gil
3624,gil
3625,gil
3626,gil
3627,gil
3628,gil
3629,gil
3630,gil
3631,gil
3632,gil
3633,gil
3634,gil
3635,gil
3636,gil
3637,gil
3638,gil
3639,gil
3640,gil
3641,gil
3642,gil
3643,gil
3644,gil
3645,gil
3646,gil
3647,gil
3648,gil
3649,gil
3650,gil
3651,gil
3652,gil
3653,gil
3654,gil
3655,gil
3656,gil
3657,gil
3658,gil
3659,gil
3660,gil
3661,gil
3662,gil
3663,gil
3664,gil
3665,gil
3666,gil
3667,gil
3668,gil
3669,gil
3670,gil
3671,gil
3672,gil
3673,gil
3674,gil
3675,gil
3676,gil
3677,gil
3678,gil
3679,gil
3680,gil
3681,gil
3682,gil
3683,gil
3684,gil
3685,gil
3686,gil
3687,gil
3688,gil
3689,gil
3690,gil
3691,gil
3692,gil
3693,gil
3694,gil
3695,gil
3696,gil
3697,gil
3698,gil
3699,gil
3700,gil
3701,gil
3702,gil
3703,gil
3704,gil
3705,gil
3706,gil
3707,gil
3708,gil
3709,gil
3710,gil
3711,gil
3712,gil
3713,gil
3714,gil
3715,gil
3716,gil
3717,gil
3718,gil
3719,gil
3720,gil
3721,gil
3722,gil
3723,gil
3724,gil
3725,gil
3726,gil
3727,gil
3728,gil
3729,gil
3730,gil
3731,gil
3732,gil
3733,gil
3734,gil
3735,gil
3736,gil
3737,gil
3738,gil
3739,gil
3740,gil
3741,gil
3742,gil
3743,gil
3744,gil
3745,gil
3746,gil
3747,gil
3748,gil
3749,gil
3750,gil
3751,gil
3752,gil
3753,gil
3754,gil
3755,gil
3756,gil
3757,gil
3758,gil
3759,gil
3760,gil
3761,gil
3762,gil
3763,gil
3764,gil
3765,gil
3766,gil
3767,gil
3768,gil
3769,gil
3770,gil
3771,gil
3772,gil
3773,gil
3774,gil
3775,gil
3776,gil
3777,gil
3778,gil
3779,gil
3780,gil
3781,gil
3782,gil
3783,gil
3784,gil
3785,gil
3786,gil
3787,gil
3788,gil
3789,gil
3790,gil
3791,gil
3792,gil
3793,gil
3794,gil
3795,gil
3796,gil
3797,gil
3798,gil
3799,gil
3800,gil
3801,gil
3802,gil
3803,gil
3804,gil
3805,gil
3806,gil
3807,gil
3808,gil
3809,gil
3810,gil
3811,gil
3812,gil
3813,gil
3814,gil
3815,gil
3816,gil
3817,gil
3818,gil
3819,gil
3820,gil
3821,gil
3822,gil
3823,gil
3824,gil
3825,gil
3826,gil
3827,gil
3828,gil
3829,gil
3830,gil
3831,gil
3832,gil
3833,gil
3834,gil
3835,gil
3836,gil
3837,gil
3838,gil
3839,gil
3840,gil
3841,gil
3842,gil
3843,gil
3844,gil
3845,gil
3846,gil
3847,gil
3848,gil
3849,gil
3850,gil
3851,gil
3852,gil
3853,gil
3854,gil
3855,gil
3856,gil
3857,gil
3858,gil
3859,gil
3860,gil
3861,gil
3862,gil
3863,gil
3864,gil
3865,gil
3866,gil
3867,gil
3868,gil
3869,gil
3870,gil
3871,gil
3872,gil
3873,gil
3874,gil
3875,gil
3876,gil
3877,gil
3878,gil
3879,gil
3880,gil
3881,gil
3882,gil
3883,gil
3884,gil
3885,gil
3886,gil
3887,gil
3888,gil
3889,gil
3890,gil
3891,gil
3892,gil
3893,gil
3894,gil
3895,gil
3896,gil
3897,gil
3898,gil
3899,gil
3900,gil
3901,gil
3902,gil
3903,gil
3904,gil
3905,gil
3906,gil
3907,gil
3908,gil
3909,gil
3910,gil
3911,gil
3912,gil
3913,gil
3914,gil
3915,gil
3916,gil
3917,gil
3918,gil
3919,gil
3920,gil
3921,gil
3922,gil
3923,gil
3924,gil
3925,gil
3926,gil
3927,gil
3928,gil
3929,gil
3930,gil
3931,gil
3932,gil
3933,gil
3934,gil
3935,gil
3936,gil
3937,gil
3938,gil
3939,gil
3940,gil
3941,gil
3942,gil
3943,gil
3944,gil
3945,gil
3946,gil
3947,gil
3948,gil
3949,gil
3950,gil
3951,gil
3952,gil
3953,gil
3954,gil
3955,gil
3956,gil
3957,gil
3958,gil
3959,gil
3960,gil
3961,gil
3962,gil
3963,gil
3964,gil
3965,gil
3966,gil
3967,gil
3968,gil
3969,gil
3970,gil
3971,gil
3972,gil
3973,gil
3974,gil
3975,gil
3976,gil
3977,gil
3978,gil
3979,gil
3980,gil
3981,gil
3982,gil
3983,gil
3984,gil
3985,gil
3986,gil
3987,gil
3988,gil
3989,gil
3990,gil
3991,gil
3992,gil
3993,gil
3994,gil
3995,gil
3996,gil
3997,gil
3998,gil
3999,gil
4000,gil
4001,gil
4002,gil
4003,gil
4004,gil
4005,gil
4006,gil
4007,gil
4008,gil
4009,gil
4010,gil
4011,gil
4012,gil
4013,gil
4014,gil
4015,gil
4016,gil
4017,gil
4018,gil
4019,gil
4020,gil
4021,gil
4022,gil
4023,gil
4024,gil
4025,gil
4026,gil
4027,gil
4028,gil
4029,gil
4030,gil
4031,gil
4032,gil
4033,gil
4034,gil
4035,gil
4036,gil
4037,gil
4038,gil
4039,gil
4040,gil
4041,gil
4042,gil
4043,gil
4044,gil
4045,gil
4046,gil
4047,gil
4048,gil
4049,gil
4050,gil
4051,gil
4052,gil
4053,gil
4054,gil
4055,gil
4056,gil
4057,gil
4058,gil
4059,gil
4060,gil
4061,gil
4062,gil
4063,gil
4064,gil
4065,gil
4066,gil
4067,gil
4068,gil
4069,gil
4070,gil
4071,gil
4072,gil
4073,gil
4074,gil
4075,gil
4076,gil
4077,gil
4078,gil
4079,gil
4080,gil
4081,gil
4082,gil
4083,gil
4084,gil
4085,gil
4086,gil
4087,gil
4088,gil
4089,gil
4090,gil
4091,gil
4092,gil
4093,gil
4094,gil
4095,gil
4096,gil
4097,gil
4098,gil
4099,gil
4100,gil
4101,gil
4102,gil
4103,gil
4104,gil
4105,gil
4106,gil
4107,gil
4108,gil
4109,gil
4110,gil
4111,gil
4112,gil
4113,gil
4114,gil
4115,gil
4116,gil
4117,gil
4118,gil
4119,gil
4120,gil
4121,gil
4122,gil
4123,gil
4124,gil
4125,gil
4126,gil
4127,gil
4128,gil
4129,gil
4130,gil
4131,gil
4132,gil
4133,gil
4134,gil
4135,gil
4136,gil
4137,gil
4138,gil
4139,gil
4140,gil
4141,gil
4142,gil
4143,gil
4144,gil
4145,gil
4146,gil
4147,gil
4148,gil
4149,gil
4150,gil
4151,gil
4152,gil
4153,gil
4154,gil
4155,gil
4156,gil
4157,gil
4158,gil
4159,gil
4160,gil
4161,gil
4162,gil
4163,gil
4164,gil
4165,gil
4166,gil
4167,gil
4168,gil
4169,gil
4170,gil
4171,gil
4172,gil
4173,gil
4174,gil
4175,gil
4176,gil
4177,gil
4178,gil
4179,gil
4180,gil
4181,gil
4182,gil
4183,gil
4184,gil
4185,gil
4186,gil
4187,gil
4188,gil
4189,gil
4190,gil
4191,gil
4192,gil
4193,gil
4194,gil
4195,gil
4196,gil
4197,gil
4198,gil
4199,gil
4200,gil
4201,gil
4202,gil
4203,gil
4204,gil
4205,gil
4206,gil
4207,gil
4208,gil
4209,gil
4210,gil
4211,gil
4212,gil
4213,gil
4214,gil
4215,gil
4216,gil
4217,gil
4218,gil
4219,gil
4220,gil
4221,gil
4222,gil
4223,gil
4224,gil
4225,gil
4226,gil
4227,gil
4228,gil
4229,gil
4230,gil
4231,gil
4232,gil
4233,gil
4234,gil
4235,gil
4236,gil
4237,gil
4238,gil
4239,gil
4240,gil
4241,gil
4242,gil
4243,gil
4244,gil
4245,gil
4246,gil
4247,gil
4248,gil
4249,gil
4250,gil
4251,gil
4252,gil
4253,gil
4254,gil
4255,gil
4256,gil
4257,gil
4258,gil
4259,gil
4260,gil
4261,gil
4262,gil
4263,gil
4264,gil
4265,gil
4266,gil
4267,gil
4268,gil
4269,gil
4270,gil
4271,gil
4272,gil
4273,gil
4274,gil
4275,gil
4276,gil
4277,gil
4278,gil
4279,gil
4280,gil
4281,gil
4282,gil
4283,gil
4284,gil
4285,gil
4286,gil
4287,gil
4288,gil
4289,gil
4290,gil
4291,gil
4292,gil
4293,gil
4294,gil
4295,gil
4296,gil
4297,gil
4298,gil
4299,gil
4300,gil
4301,gil
4302,gil
4303,gil
4304,gil
4305,gil
4306,gil
4307,gil
4308,gil
4309,gil
4310,gil
4311,gil
4312,gil
4313,gil
4314,gil
4315,gil
4316,gil
4317,gil
4318,gil
4319,gil
4320,gil
4321,gil
4322,gil
4323,gil
4324,gil
4325,gil
4326,gil
4327,gil
4328,gil
4329,gil
4330,gil
4331,gil
4332,gil
4333,gil
4334,gil
4335,gil
4336,gil
4337,gil
4338,gil
4339,gil
4340,gil
4341,gil
4342,gil
4343,gil
4344,gil
4345,gil
4346,gil
4347,gil
4348,gil
4349,gil
4350,gil
4351,gil
4352,gil
4353,gil
4354,gil
4355,gil
4356,gil
4357,gil
4358,gil
4359,gil
4360,gil
4361,gil
4362,gil
4363,gil
4364,gil
4365,gil
4366,gil
4367,gil
4368,gil
4369,gil
4370,gil
4371,gil
4372,gil
4373,gil
4374,gil
4375,gil
4376,gil
4377,gil
4378,gil
4379,gil
4380,gil
4381,gil
4382,gil
4383,gil
4384,gil
4385,gil
4386,gil
4387,gil
4388,gil
4389,gil
4390,gil
4391,gil
4392,gil
4393,gil
4394,gil
4395,gil
4396,gil
4397,gil
4398,gil
4399,gil
4400,gil
4401,gil
4402,gil
4403,gil
4404,gil
4405,gil
4406,gil
4407,gil
4408,gil
4409,gil
4410,gil
4411,gil
4412,gil
4413,gil
4414,gil
4415,gil
4416,gil
4417,gil
4418,gil
4419,gil
4420,gil
4421,gil
4422,gil
4423,gil
4424,gil
4425,gil
4426,gil
4427,gil
4428,gil
4429,gil
4430,gil
4431,gil
4432,gil
4433,gil
4434,gil
4435,gil
4436,gil
4437,gil
4438,gil
4439,gil
4440,gil
4441,gil
4442,gil
4443,gil
4444,gil
4445,gil
4446,gil
4447,gil
4448,gil
4449,gil
4450,gil
4451,gil
4452,gil
4453,gil
4454,gil
4455,gil
4456,gil
4457,gil
4458,gil
4459,gil
4460,gil
4461,gil
4462,gil
4463,gil
4464,gil
4465,gil
4466,gil
4467,gil
4468,gil
4469,gil
4470,gil
4471,gil
4472,gil
4473,gil
4474,gil
4475,gil
4476,gil
4477,gil
4478,gil
4479,gil
4480,gil
4481,gil
4482,gil
4483,gil
4484,gil
4485,gil
4486,gil
4487,gil
4488,gil
4489,gil
4490,gil
4491,gil
4492,gil
4493,gil
4494,gil
4495,gil
4496,gil
4497,gil
4498,gil
4499,gil
4500,gil
4501,gil
4502,gil
4503,gil
4504,gil
4505,gil
4506,gil
4507,gil
4508,gil
4509,gil
4510,gil
4511,gil
4512,gil
4513,gil
4514,gil
4515,gil
4516,gil
4517,gil
4518,gil
4519,gil
4520,gil
4521,gil
4522,gil
4523,gil
4524,gil
4525,gil
4526,gil
4527,gil
4528,gil
4529,gil
4530,gil
4531,gil
4532,gil
4533,gil
4534,gil
4535,gil
4536,gil
4537,gil
4538,gil
4539,gil
4540,gil
4541,gil
4542,gil
4543,gil
4544,gil
4545,gil
4546,gil
4547,gil
4548,gil
4549,gil
4550,gil
4551,gil
4552,gil
4553,gil
4554,gil
4555,gil
4556,gil
4557,gil
4558,gil
4559,gil
4560,gil
4561,gil
4562,gil
4563,gil
4564,gil
4565,gil
4566,gil
4567,gil
4568,gil
4569,gil
4570,gil
4571,gil
4572,gil
4573,gil
4574,gil
4575,gil
4576,gil
4577,gil
4578,gil
4579,gil
4580,gil
4581,gil
4582,gil
4583,gil
4584,gil
4585,gil
4586,gil
4587,gil
4588,gil
4589,gil
4590,gil
4591,gil
4592,gil
4593,gil
4594,gil
4595,gil
4596,gil
4597,gil
4598,gil
4599,gil
4600,gil
4601,gil
4602,gil
4603,gil
4604,gil
4605,gil
4606,gil
4607,gil
4608,gil
4609,gil
4610,gil
4611,gil
4612,gil
4613,gil
4614,gil
4615,gil
4616,gil
4617,gil
4618,gil
4619,gil
4620,gil
4621,gil
4622,gil
4623,gil
4624,gil
4625,gil
4626,gil
4627,gil
4628,gil
4629,gil
4630,gil
4631,gil
4632,gil
4633,gil
4634,gil
4635,gil
4636,gil
4637,gil
4638,gil
4639,gil
4640,gil
4641,gil
4642,gil
4643,gil
4644,gil
4645,gil
4646,gil
4647,gil
4648,gil
4649,gil
4650,gil
4651,gil
4652,gil
4653,gil
4654,gil
4655,gil
4656,gil
4657,gil
4658,gil
4659,gil
4660,gil
4661,gil
4662,gil
4663,gil
4664,gil
4665,gil
4666,gil
4667,gil
4668,gil
4669,gil
4670,gil
4671,gil
4672,gil
4673,gil
4674,gil
4675,gil
4676,gil
4677,gil
4678,gil
4679,gil
4680,gil
4681,gil
4682,gil
4683,gil
4684,gil
4685,gil
4686,gil
4687,gil
4688,gil
4689,gil
4690,gil
4691,gil
4692,gil
4693,gil
4694,gil
4695,gil
4696,gil
4697,gil
4698,gil
4699,gil
4700,gil
4701,gil
4702,gil
4703,gil
4704,gil
4705,gil
4706,gil
4707,gil
4708,gil
4709,gil
4710,gil
4711,gil
4712,gil
4713,gil
4714,gil
4715,gil
4716,gil
4717,gil
4718,gil
4719,gil
4720,gil
4721,gil
4722,gil
4723,gil
4724,gil
4725,gil
4726,gil
4727,gil
4728,gil
4729,gil
4730,gil
4731,gil
4732,gil
4733,gil
4734,gil
4735,gil
4736,gil
4737,gil
4738,gil
4739,gil
4740,gil
4741,gil
4742,gil
4743,gil
4744,gil
4745,gil
4746,gil
4747,gil
4748,gil
4749,gil
4750,gil
4751,gil
4752,gil
4753,gil
4754,gil
4755,gil
4756,gil
4757,gil
4758,gil
4759,gil
4760,gil
4761,gil
4762,gil
4763,gil
4764,gil
4765,gil
4766,gil
4767,gil
4768,gil
4769,gil
4770,gil
4771,gil
4772,gil
4773,gil
4774,gil
4775,gil
4776,gil
4777,gil
4778,gil
4779,gil
4780,gil
4781,gil
4782,gil
4783,gil
4784,gil
4785,gil
4786,gil
4787,gil
4788,gil
4789,gil
4790,gil
4791,gil
4792,gil
4793,gil
4794,gil
4795,gil
4796,gil
4797,gil
4798,gil
4799,gil
4800,gil
4801,gil
4802,gil
4803,gil
4804,gil
4805,gil
4806,gil
4807,gil
4808,gil
4809,gil
4810,gil
4811,gil
4812,gil
4813,gil
4814,gil
4815,gil
4816,gil
4817,gil
4818,gil
4819,gil
4820,gil
4821,gil
4822,gil
4823,gil
4824,gil
4825,gil
4826,gil
4827,gil
4828,gil
4829,gil
4830,gil
4831,gil
4832,gil
4833,gil
4834,gil
4835,gil
4836,gil
4837,gil
4838,gil
4839,gil
4840,gil
4841,gil
4842,gil
4843,gil
4844,gil
4845,gil
4846,gil
4847,gil
4848,gil
4849,gil
4850,gil
4851,gil
4852,gil
4853,gil
4854,gil
4855,gil
4856,gil
4857,gil
4858,gil
4859,gil
4860,gil
4861,gil
4862,gil
4863,gil
4864,gil
4865,gil
4866,gil
4867,gil
4868,gil
4869,gil
4870,gil
4871,gil
4872,gil
4873,gil
4874,gil
4875,gil
4876,gil
4877,gil
4878,gil
4879,gil
4880,gil
4881,gil
4882,gil
4883,gil
4884,gil
4885,gil
4886,gil
4887,gil
4888,gil
4889,gil
4890,gil
4891,gil
4892,gil
4893,gil
4894,gil
4895,gil
4896,gil
4897,gil
4898,gil
4899,gil
4900,gil
4901,gil
4902,gil
4903,gil
4904,gil
4905,gil
4906,gil
4907,gil
4908,gil
4909,gil
4910,gil
4911,gil
4912,gil
4913,gil
4914,gil
4915,gil
4916,gil
4917,gil
4918,gil
4919,gil
4920,gil
4921,gil
4922,gil
4923,gil
4924,gil
4925,gil
4926,gil
4927,gil
4928,gil
4929,gil
4930,gil
4931,gil
4932,gil
4933,gil
4934,gil
4935,gil
4936,gil
4937,gil
4938,gil
4939,gil
4940,gil
4941,gil
4942,gil
4943,gil
4944,gil
4945,gil
4946,gil
4947,gil
4948,gil
4949,gil
4950,gil
4951,gil
4952,gil
4953,gil
4954,gil
4955,gil
4956,gil
4957,gil
4958,gil
4959,gil
4960,gil
4961,gil
4962,gil
4963,gil
4964,gil
4965,gil
4966,gil
4967,gil
4968,gil
4969,gil
4970,gil
4971,gil
4972,gil
4973,gil
4974,gil
4975,gil
4976,gil
4977,gil
4978,gil
4979,gil
4980,gil
4981,gil
4982,gil
4983,gil
4984,gil
4985,gil
4986,gil
4987,gil
4988,gil
4989,gil
4990,gil
4991,gil
4992,gil
4993,gil
4994,gil
4995,gil
4996,gil
4997,gil
4998,gil
4999,gil
5000,gil
5001,gil
5002,gil
5003,gil
5004,gil
5005,gil
5006,gil
5007,gil
5008,gil
5009,gil
5010,gil
5011,gil
5012,gil
5013,gil
5014,gil
5015,gil
5016,gil
5017,gil
5018,gil
5019,gil
5020,gil
5021,gil
5022,gil
5023,gil
5024,gil
5025,gil
5026,gil
5027,gil
5028,gil
5029,gil
5030,gil
5031,gil
5032,gil
5033,gil
5034,gil
5035,gil
5036,gil
5037,gil
5038,gil
5039,gil
5040,gil
5041,gil
5042,gil
5043,gil
5044,gil
5045,gil
5046,gil
5047,gil
5048,gil
5049,gil
5050,gil
5051,gil
5052,gil
5053,gil
5054,gil
5055,gil
5056,gil
5057,gil
5058,gil
5059,gil
5060,gil
5061,gil
5062,gil
5063,gil
5064,gil
5065,gil
5066,gil
5067,gil
5068,gil
5069,gil
5070,gil
5071,gil
5072,gil
5073,gil
5074,gil
5075,gil
5076,gil
5077,gil
5078,gil
5079,gil
5080,gil
5081,gil
5082,gil
5083,gil
5084,gil
5085,gil
5086,gil
5087,gil
5088,gil
5089,gil
5090,gil
5091,gil
5092,gil
5093,gil
5094,gil
5095,gil
5096,gil
5097,gil
5098,gil
5099,gil
5100,gil
5101,gil
5102,gil
5103,gil
5104,gil
5105,gil
5106,gil
5107,gil
5108,gil
5109,gil
5110,gil
5111,gil
5112,gil
5113,gil
5114,gil
5115,gil
5116,gil
5117,gil
5118,gil
5119,gil
5120,gil
5121,gil
5122,gil
5123,gil
5124,gil
5125,gil
5126,gil
5127,gil
5128,gil
5129,gil
5130,gil
5131,gil
5132,gil
5133,gil
5134,gil
5135,gil
5136,gil
5137,gil
5138,gil
5139,gil
5140,gil
5141,gil
5142,gil
5143,gil
5144,gil
5145,gil
5146,gil
5147,gil
5148,gil
5149,gil
5150,gil
5151,gil
5152,gil
5153,gil
5154,gil
5155,gil
5156,gil
5157,gil
5158,gil
5159,gil
5160,gil
5161,gil
5162,gil
5163,gil
5164,gil
5165,gil
5166,gil
5167,gil
5168,gil
5169,gil
5170,gil
5171,gil
5172,gil
5173,gil
5174,gil
5175,gil
5176,gil
5177,gil
5178,gil
5179,gil
5180,gil
5181,gil
5182,gil
5183,gil
5184,gil
5185,gil
5186,gil
5187,gil
5188,gil
5189,gil
5190,gil
5191,gil
5192,gil
5193,gil
5194,gil
5195,gil
5196,gil
5197,gil
5198,gil
5199,gil
5200,gil
5201,gil
5202,gil
5203,gil
5204,gil
5205,gil
5206,gil
5207,gil
5208,gil
5209,gil
5210,gil
5211,gil
5212,gil
5213,gil
5214,gil
5215,gil
5216,gil
5217,gil
5218,gil
5219,gil
5220,gil
5221,gil
5222,gil
5223,gil
5224,gil
5225,gil
5226,gil
5227,gil
5228,gil
5229,gil
5230,gil
5231,gil
5232,gil
5233,gil
5234,gil
5235,gil
5236,gil
5237,gil
5238,gil
5239,gil
5240,gil
5241,gil
5242,gil
5243,gil
5244,gil
5245,gil
5246,gil
5247,gil
5248,gil
5249,gil
5250,gil
5251,gil
5252,gil
5253,gil
5254,gil
5255,gil
5256,gil
5257,gil
5258,gil
5259,gil
5260,gil
5261,gil
5262,gil
5263,gil
5264,gil
5265,gil
5266,gil
5267,gil
5268,gil
5269,gil
5270,gil
5271,gil
5272,gil
5273,gil
5274,gil
5275,gil
5276,gil
5277,gil
5278,gil
5279,gil
5280,gil
5281,gil
5282,gil
5283,gil
5284,gil
5285,gil
5286,gil
5287,gil
5288,gil
5289,gil
5290,gil
5291,gil
5292,gil
5293,gil
5294,gil
5295,gil
5296,gil
5297,gil
5298,gil
5299,gil
5300,gil
5301,gil
5302,gil
5303,gil
5304,gil
5305,gil
5306,gil
5307,gil
5308,gil
5309,gil
5310,gil
5311,gil
5312,gil
5313,gil
5314,gil
5315,gil
5316,gil
5317,gil
5318,gil
5319,gil
5320,gil
5321,gil
5322,gil
5323,gil
5324,gil
5325,gil
5326,gil
5327,gil
5328,gil
5329,gil
5330,gil
5331,gil
5332,gil
5333,gil
5334,gil
5335,gil
5336,gil
5337,gil
5338,gil
5339,gil
5340,gil
5341,gil
5342,gil
5343,gil
5344,gil
5345,gil
5346,gil
5347,gil
5348,gil
5349,gil
5350,gil
5351,gil
5352,gil
5353,gil
5354,gil
5355,gil
5356,gil
5357,gil
5358,gil
5359,gil
5360,gil
5361,gil
5362,gil
5363,gil
5364,gil
5365,gil
5366,gil
5367,gil
5368,gil
5369,gil
5370,gil
5371,gil
5372,gil
5373,gil
5374,gil
5375,gil
5376,gil
5377,gil
5378,gil
5379,gil
5380,gil
5381,gil
5382,gil
5383,gil
5384,gil
5385,gil
5386,gil
5387,gil
5388,gil
5389,gil
5390,gil
5391,gil
5392,gil
5393,gil
5394,gil
5395,gil
5396,gil
5397,gil
5398,gil
5399,gil
5400,gil
5401,gil
5402,gil
5403,gil
5404,gil
5405,gil
5406,gil
5407,gil
5408,gil
5409,gil
5410,gil
5411,gil
5412,gil
5413,gil
5414,gil
5415,gil
5416,gil
5417,gil
5418,gil
5419,gil
5420,gil
5421,gil
5422,gil
5423,gil
5424,gil
5425,gil
5426,gil
5427,gil
5428,gil
5429,gil
5430,gil
5431,gil
5432,gil
5433,gil
5434,gil
5435,gil
5436,gil
5437,gil
5438,gil
5439,gil
5440,gil
5441,gil
5442,gil
5443,gil
5444,gil
5445,gil
5446,gil
5447,gil
5448,gil
5449,gil
5450,gil
5451,gil
5452,gil
5453,gil
5454,gil
5455,gil
5456,gil
5457,gil
5458,gil
5459,gil
5460,gil
5461,gil
5462,gil
5463,gil
5464,gil
5465,gil
5466,gil
5467,gil
5468,gil
5469,gil
5470,gil
5471,gil
5472,gil
5473,gil
5474,gil
5475,gil
5476,gil
5477,gil
5478,gil
5479,gil
5480,gil
5481,gil
5482,gil
5483,gil
5484,gil
5485,gil
5486,gil
5487,gil
5488,gil
5489,gil
5490,gil
5491,gil
5492,gil
5493,gil
5494,gil
5495,gil
5496,gil
5497,gil
5498,gil
5499,gil
5500,gil
5501,gil
5502,gil
5503,gil
5504,gil
5505,gil
5506,gil
5507,gil
5508,gil
5509,gil
5510,gil
5511,gil
5512,gil
5513,gil
5514,gil
5515,gil
5516,gil
5517,gil
5518,gil
5519,gil
5520,gil
5521,gil
5522,gil
5523,gil
5524,gil
5525,gil
5526,gil
5527,gil
5528,gil
5529,gil
5530,gil
5531,gil
5532,gil
5533,gil
5534,gil
5535,gil
5536,gil
5537,gil
5538,gil
5539,gil
5540,gil
5541,gil
5542,gil
5543,gil
5544,gil
5545,gil
5546,gil
5547,gil
5548,gil
5549,gil
5550,gil
5551,gil
5552,gil
5553,gil
5554,gil
5555,gil
5556,gil
5557,gil
5558,gil
5559,gil
5560,gil
5561,gil
5562,gil
5563,gil
5564,gil
5565,gil
5566,gil
5567,gil
5568,gil
5569,gil
5570,gil
5571,gil
5572,gil
5573,gil
5574,gil
5575,gil
5576,gil
5577,gil
5578,gil
5579,gil
5580,gil
5581,gil
5582,gil
5583,gil
5584,gil
5585,gil
5586,gil
5587,gil
5588,gil
5589,gil
5590,gil
5591,gil
5592,gil
5593,gil
5594,gil
5595,gil
5596,gil
5597,gil
5598,gil
5599,gil
5600,gil
5601,gil
5602,gil
5603,gil
5604,gil
5605,gil
5606,gil
5607,gil
5608,gil
5609,gil
5610,gil
5611,gil
5612,gil
5613,gil
5614,gil
5615,gil
5616,gil
5617,gil
5618,gil
5619,gil
5620,gil
5621,gil
5622,gil
5623,gil
5624,gil
5625,gil
5626,gil
5627,gil
5628,gil
5629,gil
5630,gil
5631,gil
5632,gil
5633,gil
5634,gil
5635,gil
5636,gil
5637,gil
5638,gil
5639,gil
5640,gil
5641,gil
5642,gil
5643,gil
5644,gil
5645,gil
5646,gil
5647,gil
5648,gil
5649,gil
5650,gil
5651,gil
5652,gil
5653,gil
5654,gil
5655,gil
5656,gil
5657,gil
5658,gil
5659,gil
5660,gil
5661,gil
5662,gil
5663,gil
5664,gil
5665,gil
5666,gil
5667,gil
5668,gil
5669,gil
5670,gil
5671,gil
5672,gil
5673,gil
5674,gil
5675,gil
5676,gil
5677,gil
5678,gil
5679,gil
5680,gil
5681,gil
5682,gil
5683,gil
5684,gil
5685,gil
5686,gil
5687,gil
5688,gil
5689,gil
5690,gil
5691,gil
5692,gil
5693,gil
5694,gil
5695,gil
5696,gil
5697,gil
5698,gil
5699,gil
5700,gil
5701,gil
5702,gil
5703,gil
5704,gil
5705,gil
5706,gil
5707,gil
5708,gil
5709,gil
5710,gil
5711,gil
5712,gil
5713,gil
5714,gil
5715,gil
5716,gil
5717,gil
5718,gil
5719,gil
5720,gil
5721,gil
5722,gil
5723,gil
5724,gil
5725,gil
5726,gil
5727,gil
5728,gil
5729,gil
5730,gil
5731,gil
5732,gil
5733,gil
5734,gil
5735,gil
5736,gil
5737,gil
5738,gil
5739,gil
5740,gil
5741,gil
5742,gil
5743,gil
5744,gil
5745,gil
5746,gil
5747,gil
5748,gil
5749,gil
5750,gil
5751,gil
5752,gil
5753,gil
5754,gil
5755,gil
5756,gil
5757,gil
5758,gil
5759,gil
5760,gil
5761,gil
5762,gil
5763,gil
5764,gil
5765,gil
5766,gil
5767,gil
5768,gil
5769,gil
5770,gil
5771,gil
5772,gil
5773,gil
5774,gil
5775,gil
5776,gil
5777,gil
5778,gil
5779,gil
5780,gil
5781,gil
5782,gil
5783,gil
5784,gil
5785,gil
5786,gil
5787,gil
5788,gil
5789,gil
5790,gil
5791,gil
5792,gil
5793,gil
5794,gil
5795,gil
5796,gil
5797,gil
5798,gil
5799,gil
5800,gil
5801,gil
5802,gil
5803,gil
5804,gil
5805,gil
5806,gil
5807,gil
5808,gil
5809,gil
5810,gil
5811,gil
5812,gil
5813,gil
5814,gil
5815,gil
5816,gil
5817,gil
5818,gil
5819,gil
5820,gil
5821,gil
5822,gil
5823,gil
5824,gil
5825,gil
5826,gil
5827,gil
5828,gil
5829,gil
5830,gil
5831,gil
5832,gil
5833,gil
5834,gil
5835,gil
5836,gil
5837,gil
5838,gil
5839,gil
5840,gil
5841,gil
5842,gil
5843,gil
5844,gil
5845,gil
5846,gil
5847,gil
5848,gil
5849,gil
5850,gil
5851,gil
5852,gil
5853,gil
5854,gil
5855,gil
5856,gil
5857,gil
5858,gil
5859,gil
5860,gil
5861,gil
5862,gil
5863,gil
5864,gil
5865,gil
5866,gil
5867,gil
5868,gil
5869,gil
5870,gil
5871,gil
5872,gil
5873,gil
5874,gil
5875,gil
5876,gil
5877,gil
5878,gil
5879,gil
5880,gil
5881,gil
5882,gil
5883,gil
5884,gil
5885,gil
5886,gil
5887,gil
5888,gil
5889,gil
5890,gil
5891,gil
5892,gil
5893,gil
5894,gil
5895,gil
5896,gil
5897,gil
5898,gil
5899,gil
5900,gil
5901,gil
5902,gil
5903,gil
5904,gil
5905,gil
5906,gil
5907,gil
5908,gil
5909,gil
5910,gil
5911,gil
5912,gil
5913,gil
5914,gil
5915,gil
5916,gil
5917,gil
5918,gil
5919,gil
5920,gil
5921,gil
5922,gil
5923,gil
5924,gil
5925,gil
5926,gil
5927,gil
5928,gil
5929,gil
5930,gil
5931,gil
5932,gil
5933,gil
5934,gil
5935,gil
5936,gil
5937,gil
5938,gil
5939,gil
5940,gil
5941,gil
5942,gil
5943,gil
5944,gil
5945,gil
5946,gil
5947,gil
5948,gil
5949,gil
5950,gil
5951,gil
5952,gil
5953,gil
5954,gil
5955,gil
5956,gil
5957,gil
5958,gil
5959,gil
5960,gil
5961,gil
5962,gil
5963,gil
5964,gil
5965,gil
5966,gil
5967,gil
5968,gil
5969,gil
5970,gil
5971,gil
5972,gil
5973,gil
5974,gil
5975,gil
5976,gil
5977,gil
5978,gil
5979,gil
5980,gil
5981,gil
5982,gil
5983,gil
5984,gil
5985,gil
5986,gil
5987,gil
5988,gil
5989,gil
5990,gil
5991,gil
5992,gil
5993,gil
5994,gil
5995,gil
5996,gil
5997,gil
5998,gil
5999,gil
6000,gil
6001,gil
6002,gil
6003,gil
6004,gil
6005,gil
6006,gil
6007,gil
6008,gil
6009,gil
6010,gil
6011,gil
6012,gil
6013,gil
6014,gil
6015,gil
6016,gil
6017,gil
6018,gil
6019,gil
6020,gil
6021,gil
6022,gil
6023,gil
6024,gil
6025,gil
6026,gil
6027,gil
6028,gil
6029,gil
6030,gil
6031,gil
6032,gil
6033,gil
6034,gil
6035,gil
6036,gil
6037,gil
6038,gil
6039,gil
6040,gil
6041,gil
6042,gil
6043,gil
6044,gil
6045,gil
6046,gil
6047,gil
6048,gil
6049,gil
6050,gil
6051,gil
6052,gil
6053,gil
6054,gil
6055,gil
6056,gil
6057,gil
6058,gil
6059,gil
6060,gil
6061,gil
6062,gil
6063,gil
6064,gil
6065,gil
6066,gil
6067,gil
6068,gil
6069,gil
6070,gil
6071,gil
6072,gil
6073,gil
6074,gil
6075,gil
6076,gil
6077,gil
6078,gil
6079,gil
6080,gil
6081,gil
6082,gil
6083,gil
6084,gil
6085,gil
6086,gil
6087,gil
6088,gil
6089,gil
6090,gil
6091,gil
6092,gil
6093,gil
6094,gil
6095,gil
6096,gil
6097,gil
6098,gil
6099,gil
6100,gil
6101,gil
6102,gil
6103,gil
6104,gil
6105,gil
6106,gil
6107,gil
6108,gil
6109,gil
6110,gil
6111,gil
6112,gil
6113,gil
6114,gil
6115,gil
6116,gil
6117,gil
6118,gil
6119,gil
6120,gil
6121,gil
6122,gil
6123,gil
6124,gil
6125,gil
6126,gil
6127,gil
6128,gil
6129,gil
6130,gil
6131,gil
6132,gil
6133,gil
6134,gil
6135,gil
6136,gil
6137,gil
6138,gil
6139,gil
6140,gil
6141,gil
6142,gil
6143,gil
6144,gil
6145,gil
6146,gil
6147,gil
6148,gil
6149,gil
6150,gil
6151,gil
6152,gil
6153,gil
6154,gil
6155,gil
6156,gil
6157,gil
6158,gil
6159,gil
6160,gil
6161,gil
6162,gil
6163,gil
6164,gil
6165,gil
6166,gil
6167,gil
6168,gil
6169,gil
6170,gil
6171,gil
6172,gil
6173,gil
6174,gil
6175,gil
6176,gil
6177,gil
6178,gil
6179,gil
6180,gil
6181,gil
6182,gil
6183,gil
6184,gil
6185,gil
6186,gil
6187,gil
6188,gil
6189,gil
6190,gil
6191,gil
6192,gil
6193,gil
6194,gil
6195,gil
6196,gil
6197,gil
6198,gil
6199,gil
6200,gil
6201,gil
6202,gil
6203,gil
6204,gil
6205,gil
6206,gil
6207,gil
6208,gil
6209,gil
6210,gil
6211,gil
6212,gil
6213,gil
6214,gil
6215,gil
6216,gil
6217,gil
6218,gil
6219,gil
6220,gil
6221,gil
6222,gil
6223,gil
6224,gil
6225,gil
6226,gil
6227,gil
6228,gil
6229,gil
6230,gil
6231,gil
6232,gil
6233,gil
6234,gil
6235,gil
6236,gil
6237,gil
6238,gil
6239,gil
6240,gil
6241,gil
6242,gil
6243,gil
6244,gil
6245,gil
6246,gil
6247,gil
6248,gil
6249,gil
6250,gil
6251,gil
6252,gil
6253,gil
6254,gil
6255,gil
6256,gil
6257,gil
6258,gil
6259,gil
6260,gil
6261,gil
6262,gil
6263,gil
6264,gil
6265,gil
6266,gil
6267,gil
6268,gil
6269,gil
6270,gil
6271,gil
6272,gil
6273,gil
6274,gil
6275,gil
6276,gil
6277,gil
6278,gil
6279,gil
6280,gil
6281,gil
6282,gil
6283,gil
6284,gil
6285,gil
6286,gil
6287,gil
6288,gil
6289,gil
6290,gil
6291,gil
6292,gil
6293,gil
6294,gil
6295,gil
6296,gil
6297,gil
6298,gil
6299,gil
6300,gil
6301,gil
6302,gil
6303,gil
6304,gil
6305,gil
6306,gil
6307,gil
6308,gil
6309,gil
6310,gil
6311,gil
6312,gil
6313,gil
6314,gil
6315,gil
6316,gil
6317,gil
6318,gil
6319,gil
6320,gil
6321,gil
6322,gil
6323,gil
6324,gil
6325,gil
6326,gil
6327,gil
6328,gil
6329,gil
6330,gil
6331,gil
6332,gil
6333,gil
6334,gil
6335,gil
6336,gil
6337,gil
6338,gil
6339,gil
6340,gil
6341,gil
6342,gil
6343,gil
6344,gil
6345,gil
6346,gil
6347,gil
6348,gil
6349,gil
6350,gil
6351,gil
6352,gil
6353,gil
6354,gil
6355,gil
6356,gil
6357,gil
6358,gil
6359,gil
6360,gil
6361,gil
6362,gil
6363,gil
6364,gil
6365,gil
6366,gil
6367,gil
6368,gil
6369,gil
6370,gil
6371,gil
6372,gil
6373,gil
6374,gil
6375,gil
6376,gil
6377,gil
6378,gil
6379,gil
6380,gil
6381,gil
6382,gil
6383,gil
6384,gil
6385,gil
6386,gil
6387,gil
6388,gil
6389,gil
6390,gil
6391,gil
6392,gil
6393,gil
6394,gil
6395,gil
6396,gil
6397,gil
6398,gil
6399,gil
6400,gil
6401,gil
6402,gil
6403,gil
6404,gil
6405,gil
6406,gil
6407,gil
6408,gil
6409,gil
6410,gil
6411,gil
6412,gil
6413,gil
6414,gil
6415,gil
6416,gil
6417,gil
6418,gil
6419,gil
6420,gil
6421,gil
6422,gil
6423,gil
6424,gil
6425,gil
6426,gil
6427,gil
6428,gil
6429,gil
6430,gil
6431,gil
6432,gil
6433,gil
6434,gil
6435,gil
6436,gil
6437,gil
6438,gil
6439,gil
6440,gil
6441,gil
6442,gil
6443,gil
6444,gil
6445,gil
6446,gil
6447,gil
6448,gil
6449,gil
6450,gil
6451,gil
6452,gil
6453,gil
6454,gil
6455,gil
6456,gil
6457,gil
6458,gil
6459,gil
6460,gil
6461,gil
6462,gil
6463,gil
6464,gil
6465,gil
6466,gil
6467,gil
6468,gil
6469,gil
6470,gil
6471,gil
6472,gil
6473,gil
6474,gil
6475,gil
6476,gil
6477,gil
6478,gil
6479,gil
6480,gil
6481,gil
6482,gil
6483,gil
6484,gil
6485,gil
6486,gil
6487,gil
6488,gil
6489,gil
6490,gil
6491,gil
6492,gil
6493,gil
6494,gil
6495,gil
6496,gil
6497,gil
6498,gil
6499,gil
6500,gil
6501,gil
6502,gil
6503,gil
6504,gil
6505,gil
6506,gil
6507,gil
6508,gil
6509,gil
6510,gil
6511,gil
6512,gil
6513,gil
6514,gil
6515,gil
6516,gil
6517,gil
6518,gil
6519,gil
6520,gil
6521,gil
6522,gil
6523,gil
6524,gil
6525,gil
6526,gil
6527,gil
6528,gil
6529,gil
6530,gil
6531,gil
6532,gil
6533,gil
6534,gil
6535,gil
6536,gil
6537,gil
6538,gil
6539,gil
6540,gil
6541,gil
6542,gil
6543,gil
6544,gil
6545,gil
6546,gil
6547,gil
6548,gil
6549,gil
6550,gil
6551,gil
6552,gil
6553,gil
6554,gil
6555,gil
6556,gil
6557,gil
6558,gil
6559,gil
6560,gil
6561,gil
6562,gil
6563,gil
6564,gil
6565,gil
6566,gil
6567,gil
6568,gil
6569,gil
6570,gil
6571,gil
6572,gil
6573,gil
6574,gil
6575,gil
6576,gil
6577,gil
6578,gil
6579,gil
6580,gil
6581,gil
6582,gil
6583,gil
6584,gil
6585,gil
6586,gil
6587,gil
6588,gil
6589,gil
6590,gil
6591,gil
6592,gil
6593,gil
6594,gil
6595,gil
6596,gil
6597,gil
6598,gil
6599,gil
6600,gil
6601,gil
6602,gil
6603,gil
6604,gil
6605,gil
6606,gil
6607,gil
6608,gil
6609,gil
6610,gil
6611,gil
6612,gil
6613,gil
6614,gil
6615,gil
6616,gil
6617,gil
6618,gil
6619,gil
6620,gil
6621,gil
6622,gil
6623,gil
6624,gil
6625,gil
6626,gil
6627,gil
6628,gil
6629,gil
6630,gil
6631,gil
6632,gil
6633,gil
6634,gil
6635,gil
6636,gil
6637,gil
6638,gil
6639,gil
6640,gil
6641,gil
6642,gil
6643,gil
6644,gil
6645,gil
6646,gil
6647,gil
6648,gil
6649,gil
6650,gil
6651,gil
6652,gil
6653,gil
6654,gil
6655,gil
6656,gil
6657,gil
6658,gil
6659,gil
6660,gil
6661,gil
6662,gil
6663,gil
6664,gil
6665,gil
6666,gil
6667,gil
6668,gil
6669,gil
6670,gil
6671,gil
6672,gil
6673,gil
6674,gil
6675,gil
6676,gil
6677,gil
6678,gil
6679,gil
6680,gil
6681,gil
6682,gil
6683,gil
6684,gil
6685,gil
6686,gil
6687,gil
6688,gil
6689,gil
6690,gil
6691,gil
6692,gil
6693,gil
6694,gil
6695,gil
6696,gil
6697,gil
6698,gil
6699,gil
6700,gil
6701,gil
6702,gil
6703,gil
6704,gil
6705,gil
6706,gil
6707,gil
6708,gil
6709,gil
6710,gil
6711,gil
6712,gil
6713,gil
6714,gil
6715,gil
6716,gil
6717,gil
6718,gil
6719,gil
6720,gil
6721,gil
6722,gil
6723,gil
6724,gil
6725,gil
6726,gil
6727,gil
6728,gil
6729,gil
6730,gil
6731,gil
6732,gil
6733,gil
6734,gil
6735,gil
6736,gil
6737,gil
6738,gil
6739,gil
6740,gil
6741,gil
6742,gil
6743,gil
6744,gil
6745,gil
6746,gil
6747,gil
6748,gil
6749,gil
6750,gil
6751,gil
6752,gil
6753,gil
6754,gil
6755,gil
6756,gil
6757,gil
6758,gil
6759,gil
6760,gil
6761,gil
6762,gil
6763,gil
6764,gil
6765,gil
6766,gil
6767,gil
6768,gil
6769,gil
6770,gil
6771,gil
6772,gil
6773,gil
6774,gil
6775,gil
6776,gil
6777,gil
6778,gil
6779,gil
6780,gil
6781,gil
6782,gil
6783,gil
6784,gil
6785,gil
6786,gil
6787,gil
6788,gil
6789,gil
6790,gil
6791,gil
6792,gil
6793,gil
6794,gil
6795,gil
6796,gil
6797,gil
6798,gil
6799,gil
6800,gil
6801,gil
6802,gil
6803,gil
6804,gil
6805,gil
6806,gil
6807,gil
6808,gil
6809,gil
6810,gil
6811,gil
6812,gil
6813,gil
6814,gil
6815,gil
6816,gil
6817,gil
6818,gil
6819,gil
6820,gil
6821,gil
6822,gil
6823,gil
6824,gil
6825,gil
6826,gil
6827,gil
6828,gil
6829,gil
6830,gil
6831,gil
6832,gil
6833,gil
6834,gil
6835,gil
6836,gil
6837,gil
6838,gil
6839,gil
6840,gil
6841,gil
6842,gil
6843,gil
6844,gil
6845,gil
6846,gil
6847,gil
6848,gil
6849,gil
6850,gil
6851,gil
6852,gil
6853,gil
6854,gil
6855,gil
6856,gil
6857,gil
6858,gil
6859,gil
6860,gil
6861,gil
6862,gil
6863,gil
6864,gil
6865,gil
6866,gil
6867,gil
6868,gil
6869,gil
6870,gil
6871,gil
6872,gil
6873,gil
6874,gil
6875,gil
6876,gil
6877,gil
6878,gil
6879,gil
6880,gil
6881,gil
6882,gil
6883,gil
6884,gil
6885,gil
6886,gil
6887,gil
6888,gil
6889,gil
6890,gil
6891,gil
6892,gil
6893,gil
6894,gil
6895,gil
6896,gil
6897,gil
6898,gil
6899,gil
6900,gil
6901,gil
6902,gil
6903,gil
6904,gil
6905,gil
6906,gil
6907,gil
6908,gil
6909,gil
6910,gil
6911,gil
6912,gil
6913,gil
6914,gil
6915,gil
6916,gil
6917,gil
6918,gil
6919,gil
6920,gil
6921,gil
6922,gil
6923,gil
6924,gil
6925,gil
6926,gil
6927,gil
6928,gil
6929,gil
6930,gil
6931,gil
6932,gil
6933,gil
6934,gil
6935,gil
6936,gil
6937,gil
6938,gil
6939,gil
6940,gil
6941,gil
6942,gil
6943,gil
6944,gil
6945,gil
6946,gil
6947,gil
6948,gil
6949,gil
6950,gil
6951,gil
6952,gil
6953,gil
6954,gil
6955,gil
6956,gil
6957,gil
6958,gil
6959,gil
6960,gil
6961,gil
6962,gil
6963,gil
6964,gil
6965,gil
6966,gil
6967,gil
6968,gil
6969,gil
6970,gil
6971,gil
6972,gil
6973,gil
6974,gil
6975,gil
6976,gil
6977,gil
6978,gil
6979,gil
6980,gil
6981,gil
6982,gil
6983,gil
6984,gil
6985,gil
6986,gil
6987,gil
6988,gil
6989,gil
6990,gil
6991,gil
6992,gil
6993,gil
6994,gil
6995,gil
6996,gil
6997,gil
6998,gil
6999,gil
7000,gil
7001,gil
7002,gil
7003,gil
7004,gil
7005,gil
7006,gil
7007,gil
7008,gil
7009,gil
7010,gil
7011,gil
7012,gil
7013,gil
7014,gil
7015,gil
7016,gil
7017,gil
7018,gil
7019,gil
7020,gil
7021,gil
7022,gil
7023,gil
7024,gil
7025,gil
7026,gil
7027,gil
7028,gil
7029,gil
7030,gil
7031,gil
7032,gil
7033,gil
7034,gil
7035,gil
7036,gil
7037,gil
7038,gil
7039,gil
7040,gil
7041,gil
7042,gil
7043,gil
7044,gil
7045,gil
7046,gil
7047,gil
7048,gil
7049,gil
7050,gil
7051,gil
7052,gil
7053,gil
7054,gil
7055,gil
7056,gil
7057,gil
7058,gil
7059,gil
7060,gil
7061,gil
7062,gil
7063,gil
7064,gil
7065,gil
7066,gil
7067,gil
7068,gil
7069,gil
7070,gil
7071,gil
7072,gil
7073,gil
7074,gil
7075,gil
7076,gil
7077,gil
7078,gil
7079,gil
7080,gil
7081,gil
7082,gil
7083,gil
7084,gil
7085,gil
7086,gil
7087,gil
7088,gil
7089,gil
7090,gil
7091,gil
7092,gil
7093,gil
7094,gil
7095,gil
7096,gil
7097,gil
7098,gil
7099,gil
7100,gil
7101,gil
7102,gil
7103,gil
7104,gil
7105,gil
7106,gil
7107,gil
7108,gil
7109,gil
7110,gil
7111,gil
7112,gil
7113,gil
7114,gil
7115,gil
7116,gil
7117,gil
7118,gil
7119,gil
7120,gil
7121,gil
7122,gil
7123,gil
7124,gil
7125,gil
7126,gil
7127,gil
7128,gil
7129,gil
7130,gil
7131,gil
7132,gil
7133,gil
7134,gil
7135,gil
7136,gil
7137,gil
7138,gil
7139,gil
7140,gil
7141,gil
7142,gil
7143,gil
7144,gil
7145,gil
7146,gil
7147,gil
7148,gil
7149,gil
7150,gil
7151,gil
7152,gil
7153,gil
7154,gil
7155,gil
7156,gil
7157,gil
7158,gil
7159,gil
7160,gil
7161,gil
7162,gil
7163,gil
7164,gil
7165,gil
7166,gil
7167,gil
7168,gil
7169,gil
7170,gil
7171,gil
7172,gil
7173,gil
7174,gil
7175,gil
7176,gil
7177,gil
7178,gil
7179,gil
7180,gil
7181,gil
7182,gil
7183,gil
7184,gil
7185,gil
7186,gil
7187,gil
7188,gil
7189,gil
7190,gil
7191,gil
7192,gil
7193,gil
7194,gil
7195,gil
7196,gil
7197,gil
7198,gil
7199,gil
7200,gil
7201,gil
7202,gil
7203,gil
7204,gil
7205,gil
7206,gil
7207,gil
7208,gil
7209,gil
7210,gil
7211,gil
7212,gil
7213,gil
7214,gil
7215,gil
7216,gil
7217,gil
7218,gil
7219,gil
7220,gil
7221,gil
7222,gil
7223,gil
7224,gil
7225,gil
7226,gil
7227,gil
7228,gil
7229,gil
7230,gil
7231,gil
7232,gil
7233,gil
7234,gil
7235,gil
7236,gil
7237,gil
7238,gil
7239,gil
7240,gil
7241,gil
7242,gil
7243,gil
7244,gil
7245,gil
7246,gil
7247,gil
7248,gil
7249,gil
7250,gil
7251,gil
7252,gil
7253,gil
7254,gil
7255,gil
7256,gil
7257,gil
7258,gil
7259,gil
7260,gil
7261,gil
7262,gil
7263,gil
7264,gil
7265,gil
7266,gil
7267,gil
7268,gil
7269,gil
7270,gil
7271,gil
7272,gil
7273,gil
7274,gil
7275,gil
7276,gil
7277,gil
7278,gil
7279,gil
7280,gil
7281,gil
7282,gil
7283,gil
7284,gil
7285,gil
7286,gil
7287,gil
7288,gil
7289,gil
7290,gil
7291,gil
7292,gil
7293,gil
7294,gil
7295,gil
7296,gil
7297,gil
7298,gil
7299,gil
7300,gil
7301,gil
7302,gil
7303,gil
7304,gil
7305,gil
7306,gil
7307,gil
7308,gil
7309,gil
7310,gil
7311,gil
7312,gil
7313,gil
7314,gil
7315,gil
7316,gil
7317,gil
7318,gil
7319,gil
7320,gil
7321,gil
7322,gil
7323,gil
7324,gil
7325,gil
7326,gil
7327,gil
7328,gil
7329,gil
7330,gil
7331,gil
7332,gil
7333,gil
7334,gil
7335,gil
7336,gil
7337,gil
7338,gil
7339,gil
7340,gil
7341,gil
7342,gil
7343,gil
7344,gil
7345,gil
7346,gil
7347,gil
7348,gil
7349,gil
7350,gil
7351,gil
7352,gil
7353,gil
7354,gil
7355,gil
7356,gil
7357,gil
7358,gil
7359,gil
7360,gil
7361,gil
7362,gil
7363,gil
7364,gil
7365,gil
7366,gil
7367,gil
7368,gil
7369,gil
7370,gil
7371,gil
7372,gil
7373,gil
7374,gil
7375,gil
7376,gil
7377,gil
7378,gil
7379,gil
7380,gil
7381,gil
7382,gil
7383,gil
7384,gil
7385,gil
7386,gil
7387,gil
7388,gil
7389,gil
7390,gil
7391,gil
7392,gil
7393,gil
7394,gil
7395,gil
7396,gil
7397,gil
7398,gil
7399,gil
7400,gil
7401,gil
7402,gil
7403,gil
7404,gil
7405,gil
7406,gil
7407,gil
7408,gil
7409,gil
7410,gil
7411,gil
7412,gil
7413,gil
7414,gil
7415,gil
7416,gil
7417,gil
7418,gil
7419,gil
7420,gil
7421,gil
7422,gil
7423,gil
7424,gil
7425,gil
7426,gil
7427,gil
7428,gil
7429,gil
7430,gil
7431,gil
7432,gil
7433,gil
7434,gil
7435,gil
7436,gil
7437,gil
7438,gil
7439,gil
7440,gil
7441,gil
7442,gil
7443,gil
7444,gil
7445,gil
7446,gil
7447,gil
7448,gil
7449,gil
7450,gil
7451,gil
7452,gil
7453,gil
7454,gil
7455,gil
7456,gil
7457,gil
7458,gil
7459,gil
7460,gil
7461,gil
7462,gil
7463,gil
7464,gil
7465,gil
7466,gil
7467,gil
7468,gil
7469,gil
7470,gil
7471,gil
7472,gil
7473,gil
7474,gil
7475,gil
7476,gil
7477,gil
7478,gil
7479,gil
7480,gil
7481,gil
7482,gil
7483,gil
7484,gil
7485,gil
7486,gil
7487,gil
7488,gil
7489,gil
7490,gil
7491,gil
7492,gil
7493,gil
7494,gil
7495,gil
7496,gil
7497,gil
7498,gil
7499,gil
7500,gil
7501,gil
7502,gil
7503,gil
7504,gil
7505,gil
7506,gil
7507,gil
7508,gil
7509,gil
7510,gil
7511,gil
7512,gil
7513,gil
7514,gil
7515,gil
7516,gil
7517,gil
7518,gil
7519,gil
7520,gil
7521,gil
7522,gil
7523,gil
7524,gil
7525,gil
7526,gil
7527,gil
7528,gil
7529,gil
7530,gil
7531,gil
7532,gil
7533,gil
7534,gil
7535,gil
7536,gil
7537,gil
7538,gil
7539,gil
7540,gil
7541,gil
7542,gil
7543,gil
7544,gil
7545,gil
7546,gil
7547,gil
7548,gil
7549,gil
7550,gil
7551,gil
7552,gil
7553,gil
7554,gil
7555,gil
7556,gil
7557,gil
7558,gil
7559,gil
7560,gil
7561,gil
7562,gil
7563,gil
7564,gil
7565,gil
7566,gil
7567,gil
7568,gil
7569,gil
7570,gil
7571,gil
7572,gil
7573,gil
7574,gil
7575,gil
7576,gil
7577,gil
7578,gil
7579,gil
7580,gil
7581,gil
7582,gil
7583,gil
7584,gil
7585,gil
7586,gil
7587,gil
7588,gil
7589,gil
7590,gil
7591,gil
7592,gil
7593,gil
7594,gil
7595,gil
7596,gil
7597,gil
7598,gil
7599,gil
7600,gil
7601,gil
7602,gil
7603,gil
7604,gil
7605,gil
7606,gil
7607,gil
7608,gil
7609,gil
7610,gil
7611,gil
7612,gil
7613,gil
7614,gil
7615,gil
7616,gil
7617,gil
7618,gil
7619,gil
7620,gil
7621,gil
7622,gil
7623,gil
7624,gil
7625,gil
7626,gil
7627,gil
7628,gil
7629,gil
7630,gil
7631,gil
7632,gil
7633,gil
7634,gil
7635,gil
7636,gil
7637,gil
7638,gil
7639,gil
7640,gil
7641,gil
7642,gil
7643,gil
7644,gil
7645,gil
7646,gil
7647,gil
7648,gil
7649,gil
7650,gil
7651,gil
7652,gil
7653,gil
7654,gil
7655,gil
7656,gil
7657,gil
7658,gil
7659,gil
7660,gil
7661,gil
7662,gil
7663,gil
7664,gil
7665,gil
7666,gil
7667,gil
7668,gil
7669,gil
7670,gil
7671,gil
7672,gil
7673,gil
7674,gil
7675,gil
7676,gil
7677,gil
7678,gil
7679,gil
7680,gil
7681,gil
7682,gil
7683,gil
7684,gil
7685,gil
7686,gil
7687,gil
7688,gil
7689,gil
7690,gil
7691,gil
7692,gil
7693,gil
7694,gil
7695,gil
7696,gil
7697,gil
7698,gil
7699,gil
7700,gil
7701,gil
7702,gil
7703,gil
7704,gil
7705,gil
7706,gil
7707,gil
7708,gil
7709,gil
7710,gil
7711,gil
7712,gil
7713,gil
7714,gil
7715,gil
7716,gil
7717,gil
7718,gil
7719,gil
7720,gil
7721,gil
7722,gil
7723,gil
7724,gil
7725,gil
7726,gil
7727,gil
7728,gil
7729,gil
7730,gil
7731,gil
7732,gil
7733,gil
7734,gil
7735,gil
7736,gil
7737,gil
7738,gil
7739,gil
7740,gil
7741,gil
7742,gil
7743,gil
7744,gil
7745,gil
7746,gil
7747,gil
7748,gil
7749,gil
7750,gil
7751,gil
7752,gil
7753,gil
7754,gil
7755,gil
7756,gil
7757,gil
7758,gil
7759,gil
7760,gil
7761,gil
7762,gil
7763,gil
7764,gil
7765,gil
7766,gil
7767,gil
7768,gil
7769,gil
7770,gil
7771,gil
7772,gil
7773,gil
7774,gil
7775,gil
7776,gil
7777,gil
7778,gil
7779,gil
7780,gil
7781,gil
7782,gil
7783,gil
7784,gil
7785,gil
7786,gil
7787,gil
7788,gil
7789,gil
7790,gil
7791,gil
7792,gil
7793,gil
7794,gil
7795,gil
7796,gil
7797,gil
7798,gil
7799,gil
7800,gil
7801,gil
7802,gil
7803,gil
7804,gil
7805,gil
7806,gil
7807,gil
7808,gil
7809,gil
7810,gil
7811,gil
7812,gil
7813,gil
7814,gil
7815,gil
7816,gil
7817,gil
7818,gil
7819,gil
7820,gil
7821,gil
7822,gil
7823,gil
7824,gil
7825,gil
7826,gil
7827,gil
7828,gil
7829,gil
7830,gil
7831,gil
7832,gil
7833,gil
7834,gil
7835,gil
7836,gil
7837,gil
7838,gil
7839,gil
7840,gil
7841,gil
7842,gil
7843,gil
7844,gil
7845,gil
7846,gil
7847,gil
7848,gil
7849,gil
7850,gil
7851,gil
7852,gil
7853,gil
7854,gil
7855,gil
7856,gil
7857,gil
7858,gil
7859,gil
7860,gil
7861,gil
7862,gil
7863,gil
7864,gil
7865,gil
7866,gil
7867,gil
7868,gil
7869,gil
7870,gil
7871,gil
7872,gil
7873,gil
7874,gil
7875,gil
7876,gil
7877,gil
7878,gil
7879,gil
7880,gil
7881,gil
7882,gil
7883,gil
7884,gil
7885,gil
7886,gil
7887,gil
7888,gil
7889,gil
7890,gil
7891,gil
7892,gil
7893,gil
7894,gil
7895,gil
7896,gil
7897,gil
7898,gil
7899,gil
7900,gil
7901,gil
7902,gil
7903,gil
7904,gil
7905,gil
7906,gil
7907,gil
7908,gil
7909,gil
7910,gil
7911,gil
7912,gil
7913,gil
7914,gil
7915,gil
7916,gil
7917,gil
7918,gil
7919,gil
7920,gil
7921,gil
7922,gil
7923,gil
7924,gil
7925,gil
7926,gil
7927,gil
7928,gil
7929,gil
7930,gil
7931,gil
7932,gil
7933,gil
7934,gil
7935,gil
7936,gil
7937,gil
7938,gil
7939,gil
7940,gil
7941,gil
7942,gil
7943,gil
7944,gil
7945,gil
7946,gil
7947,gil
7948,gil
7949,gil
7950,gil
7951,gil
7952,gil
7953,gil
7954,gil
7955,gil
7956,gil
7957,gil
7958,gil
7959,gil
7960,gil
7961,gil
7962,gil
7963,gil
7964,gil
7965,gil
7966,gil
7967,gil
7968,gil
7969,gil
7970,gil
7971,gil
7972,gil
7973,gil
7974,gil
7975,gil
7976,gil
7977,gil
7978,gil
7979,gil
7980,gil
7981,gil
7982,gil
7983,gil
7984,gil
7985,gil
7986,gil
7987,gil
7988,gil
7989,gil
7990,gil
7991,gil
7992,gil
7993,gil
7994,gil
7995,gil
7996,gil
7997,gil
7998,gil
7999,gil
8000,gil
8001,gil
8002,gil
8003,gil
8004,gil
8005,gil
8006,gil
8007,gil
8008,gil
8009,gil
8010,gil
8011,gil
8012,gil
8013,gil
8014,gil
8015,gil
8016,gil
8017,gil
8018,gil
8019,gil
8020,gil
8021,gil
8022,gil
8023,gil
8024,gil
8025,gil
8026,gil
8027,gil
8028,gil
8029,gil
8030,gil
8031,gil
8032,gil
8033,gil
8034,gil
8035,gil
8036,gil
8037,gil
8038,gil
8039,gil
8040,gil
8041,gil
8042,gil
8043,gil
8044,gil
8045,gil
8046,gil
8047,gil
8048,gil
8049,gil
8050,gil
8051,gil
8052,gil
8053,gil
8054,gil
8055,gil
8056,gil
8057,gil
8058,gil
8059,gil
8060,gil
8061,gil
8062,gil
8063,gil
8064,gil
8065,gil
8066,gil
8067,gil
8068,gil
8069,gil
8070,gil
8071,gil
8072,gil
8073,gil
8074,gil
8075,gil
8076,gil
8077,gil
8078,gil
8079,gil
8080,gil
8081,gil
8082,gil
8083,gil
8084,gil
8085,gil
8086,gil
8087,gil
8088,gil
8089,gil
8090,gil
8091,gil
8092,gil
8093,gil
8094,gil
8095,gil
8096,gil
8097,gil
8098,gil
8099,gil
8100,gil
8101,gil
8102,gil
8103,gil
8104,gil
8105,gil
8106,gil
8107,gil
8108,gil
8109,gil
8110,gil
8111,gil
8112,gil
8113,gil
8114,gil
8115,gil
8116,gil
8117,gil
8118,gil
8119,gil
8120,gil
8121,gil
8122,gil
8123,gil
8124,gil
8125,gil
8126,gil
8127,gil
8128,gil
8129,gil
8130,gil
8131,gil
8132,gil
8133,gil
8134,gil
8135,gil
8136,gil
8137,gil
8138,gil
8139,gil
8140,gil
8141,gil
8142,gil
8143,gil
8144,gil
8145,gil
8146,gil
8147,gil
8148,gil
8149,gil
8150,gil
8151,gil
8152,gil
8153,gil
8154,gil
8155,gil
8156,gil
8157,gil
8158,gil
8159,gil
8160,gil
8161,gil
8162,gil
8163,gil
8164,gil
8165,gil
8166,gil
8167,gil
8168,gil
8169,gil
8170,gil
8171,gil
8172,gil
8173,gil
8174,gil
8175,gil
8176,gil
8177,gil
8178,gil
8179,gil
8180,gil
8181,gil
8182,gil
8183,gil
8184,gil
8185,gil
8186,gil
8187,gil
8188,gil
8189,gil
8190,gil
8191,gil
8192,gil
8193,gil
8194,gil
8195,gil
8196,gil
8197,gil
8198,gil
8199,gil
8200,gil
8201,gil
8202,gil
8203,gil
8204,gil
8205,gil
8206,gil
8207,gil
8208,gil
8209,gil
8210,gil
8211,gil
8212,gil
8213,gil
8214,gil
8215,gil
8216,gil
8217,gil
8218,gil
8219,gil
8220,gil
8221,gil
8222,gil
8223,gil
8224,gil
8225,gil
8226,gil
8227,gil
8228,gil
8229,gil
8230,gil
8231,gil
8232,gil
8233,gil
8234,gil
8235,gil
8236,gil
8237,gil
8238,gil
8239,gil
8240,gil
8241,gil
8242,gil
8243,gil
8244,gil
8245,gil
8246,gil
8247,gil
8248,gil
8249,gil
8250,gil
8251,gil
8252,gil
8253,gil
8254,gil
8255,gil
8256,gil
8257,gil
8258,gil
8259,gil
8260,gil
8261,gil
8262,gil
8263,gil
8264,gil
8265,gil
8266,gil
8267,gil
8268,gil
8269,gil
8270,gil
8271,gil
8272,gil
8273,gil
8274,gil
8275,gil
8276,gil
8277,gil
8278,gil
8279,gil
8280,gil
8281,gil
8282,gil
8283,gil
8284,gil
8285,gil
8286,gil
8287,gil
8288,gil
8289,gil
8290,gil
8291,gil
8292,gil
8293,gil
8294,gil
8295,gil
8296,gil
8297,gil
8298,gil
8299,gil
8300,gil
8301,gil
8302,gil
8303,gil
8304,gil
8305,gil
8306,gil
8307,gil
8308,gil
8309,gil
8310,gil
8311,gil
8312,gil
8313,gil
8314,gil
8315,gil
8316,gil
8317,gil
8318,gil
8319,gil
8320,gil
8321,gil
8322,gil
8323,gil
8324,gil
8325,gil
8326,gil
8327,gil
8328,gil
8329,gil
8330,gil
8331,gil
8332,gil
8333,gil
8334,gil
8335,gil
8336,gil
8337,gil
8338,gil
8339,gil
8340,gil
8341,gil
8342,gil
8343,gil
8344,gil
8345,gil
8346,gil
8347,gil
8348,gil
8349,gil
8350,gil
8351,gil
8352,gil
8353,gil
8354,gil
8355,gil
8356,gil
8357,gil
8358,gil
8359,gil
8360,gil
8361,gil
8362,gil
8363,gil
8364,gil
8365,gil
8366,gil
8367,gil
8368,gil
8369,gil
8370,gil
8371,gil
8372,gil
8373,gil
8374,gil
8375,gil
8376,gil
8377,gil
8378,gil
8379,gil
8380,gil
8381,gil
8382,gil
8383,gil
8384,gil
8385,gil
8386,gil
8387,gil
8388,gil
8389,gil
8390,gil
8391,gil
8392,gil
8393,gil
8394,gil
8395,gil
8396,gil
8397,gil
8398,gil
8399,gil
8400,gil
8401,gil
8402,gil
8403,gil
8404,gil
8405,gil
8406,gil
8407,gil
8408,gil
8409,gil
8410,gil
8411,gil
8412,gil
8413,gil
8414,gil
8415,gil
8416,gil
8417,gil
8418,gil
8419,gil
8420,gil
8421,gil
8422,gil
8423,gil
8424,gil
8425,gil
8426,gil
8427,gil
8428,gil
8429,gil
8430,gil
8431,gil
8432,gil
8433,gil
8434,gil
8435,gil
8436,gil
8437,gil
8438,gil
8439,gil
8440,gil
8441,gil
8442,gil
8443,gil
8444,gil
8445,gil
8446,gil
8447,gil
8448,gil
8449,gil
8450,gil
8451,gil
8452,gil
8453,gil
8454,gil
8455,gil
8456,gil
8457,gil
8458,gil
8459,gil
8460,gil
8461,gil
8462,gil
8463,gil
8464,gil
8465,gil
8466,gil
8467,gil
8468,gil
8469,gil
8470,gil
8471,gil
8472,gil
8473,gil
8474,gil
8475,gil
8476,gil
8477,gil
8478,gil
8479,gil
8480,gil
8481,gil
8482,gil
8483,gil
8484,gil
8485,gil
8486,gil
8487,gil
8488,gil
8489,gil
8490,gil
8491,gil
8492,gil
8493,gil
8494,gil
8495,gil
8496,gil
8497,gil
8498,gil
8499,gil
8500,gil
8501,gil
8502,gil
8503,gil
8504,gil
8505,gil
8506,gil
8507,gil
8508,gil
8509,gil
8510,gil
8511,gil
8512,gil
8513,gil
8514,gil
8515,gil
8516,gil
8517,gil
8518,gil
8519,gil
8520,gil
8521,gil
8522,gil
8523,gil
8524,gil
8525,gil
8526,gil
8527,gil
8528,gil
8529,gil
8530,gil
8531,gil
8532,gil
8533,gil
8534,gil
8535,gil
8536,gil
8537,gil
8538,gil
8539,gil
8540,gil
8541,gil
8542,gil
8543,gil
8544,gil
8545,gil
8546,gil
8547,gil
8548,gil
8549,gil
8550,gil
8551,gil
8552,gil
8553,gil
8554,gil
8555,gil
8556,gil
8557,gil
8558,gil
8559,gil
8560,gil
8561,gil
8562,gil
8563,gil
8564,gil
8565,gil
8566,gil
8567,gil
8568,gil
8569,gil
8570,gil
8571,gil
8572,gil
8573,gil
8574,gil
8575,gil
8576,gil
8577,gil
8578,gil
8579,gil
8580,gil
8581,gil
8582,gil
8583,gil
8584,gil
8585,gil
8586,gil
8587,gil
8588,gil
8589,gil
8590,gil
8591,gil
8592,gil
8593,gil
8594,gil
8595,gil
8596,gil
8597,gil
8598,gil
8599,gil
8600,gil
8601,gil
8602,gil
8603,gil
8604,gil
8605,gil
8606,gil
8607,gil
8608,gil
8609,gil
8610,gil
8611,gil
8612,gil
8613,gil
8614,gil
8615,gil
8616,gil
8617,gil
8618,gil
8619,gil
8620,gil
8621,gil
8622,gil
8623,gil
8624,gil
8625,gil
8626,gil
8627,gil
8628,gil
8629,gil
8630,gil
8631,gil
8632,gil
8633,gil
8634,gil
8635,gil
8636,gil
8637,gil
8638,gil
8639,gil
8640,gil
8641,gil
8642,gil
8643,gil
8644,gil
8645,gil
8646,gil
8647,gil
8648,gil
8649,gil
8650,gil
8651,gil
8652,gil
8653,gil
8654,gil
8655,gil
8656,gil
8657,gil
8658,gil
8659,gil
8660,gil
8661,gil
8662,gil
8663,gil
8664,gil
8665,gil
8666,gil
8667,gil
8668,gil
8669,gil
8670,gil
8671,gil
8672,gil
8673,gil
8674,gil
8675,gil
8676,gil
8677,gil
8678,gil
8679,gil
8680,gil
8681,gil
8682,gil
8683,gil
8684,gil
8685,gil
8686,gil
8687,gil
8688,gil
8689,gil
8690,gil
8691,gil
8692,gil
8693,gil
8694,gil
8695,gil
8696,gil
8697,gil
8698,gil
8699,gil
8700,gil
8701,gil
8702,gil
8703,gil
8704,gil
8705,gil
8706,gil
8707,gil
8708,gil
8709,gil
8710,gil
8711,gil
8712,gil
8713,gil
8714,gil
8715,gil
8716,gil
8717,gil
8718,gil
8719,gil
8720,gil
8721,gil
8722,gil
8723,gil
8724,gil
8725,gil
8726,gil
8727,gil
8728,gil
8729,gil
8730,gil
8731,gil
8732,gil
8733,gil
8734,gil
8735,gil
8736,gil
8737,gil
8738,gil
8739,gil
8740,gil
8741,gil
8742,gil
8743,gil
8744,gil
8745,gil
8746,gil
8747,gil
8748,gil
8749,gil
8750,gil
8751,gil
8752,gil
8753,gil
8754,gil
8755,gil
8756,gil
8757,gil
8758,gil
8759,gil
8760,gil
8761,gil
8762,gil
8763,gil
8764,gil
8765,gil
8766,gil
8767,gil
8768,gil
8769,gil
8770,gil
8771,gil
8772,gil
8773,gil
8774,gil
8775,gil
8776,gil
8777,gil
8778,gil
8779,gil
8780,gil
8781,gil
8782,gil
8783,gil
8784,gil
8785,gil
8786,gil
8787,gil
8788,gil
8789,gil
8790,gil
8791,gil
8792,gil
8793,gil
8794,gil
8795,gil
8796,gil
8797,gil
8798,gil
8799,gil
8800,gil
8801,gil
8802,gil
8803,gil
8804,gil
8805,gil
8806,gil
8807,gil
8808,gil
8809,gil
8810,gil
8811,gil
8812,gil
8813,gil
8814,gil
8815,gil
8816,gil
8817,gil
8818,gil
8819,gil
8820,gil
8821,gil
8822,gil
8823,gil
8824,gil
8825,gil
8826,gil
8827,gil
8828,gil
8829,gil
8830,gil
8831,gil
8832,gil
8833,gil
8834,gil
8835,gil
8836,gil
8837,gil
8838,gil
8839,gil
8840,gil
8841,gil
8842,gil
8843,gil
8844,gil
8845,gil
8846,gil
8847,gil
8848,gil
8849,gil
8850,gil
8851,gil
8852,gil
8853,gil
8854,gil
8855,gil
8856,gil
8857,gil
8858,gil
8859,gil
8860,gil
8861,gil
8862,gil
8863,gil
8864,gil
8865,gil
8866,gil
8867,gil
8868,gil
8869,gil
8870,gil
8871,gil
8872,gil
8873,gil
8874,gil
8875,gil
8876,gil
8877,gil
8878,gil
8879,gil
8880,gil
8881,gil
8882,gil
8883,gil
8884,gil
8885,gil
8886,gil
8887,gil
8888,gil
8889,gil
8890,gil
8891,gil
8892,gil
8893,gil
8894,gil
8895,gil
8896,gil
8897,gil
8898,gil
8899,gil
8900,gil
8901,gil
8902,gil
8903,gil
8904,gil
8905,gil
8906,gil
8907,gil
8908,gil
8909,gil
8910,gil
8911,gil
8912,gil
8913,gil
8914,gil
8915,gil
8916,gil
8917,gil
8918,gil
8919,gil
8920,gil
8921,gil
8922,gil
8923,gil
8924,gil
8925,gil
8926,gil
8927,gil
8928,gil
8929,gil
8930,gil
8931,gil
8932,gil
8933,gil
8934,gil
8935,gil
8936,gil
8937,gil
8938,gil
8939,gil
8940,gil
8941,gil
8942,gil
8943,gil
8944,gil
8945,gil
8946,gil
8947,gil
8948,gil
8949,gil
8950,gil
8951,gil
8952,gil
8953,gil
8954,gil
8955,gil
8956,gil
8957,gil
8958,gil
8959,gil
8960,gil
8961,gil
8962,gil
8963,gil
8964,gil
8965,gil
8966,gil
8967,gil
8968,gil
8969,gil
8970,gil
8971,gil
8972,gil
8973,gil
8974,gil
8975,gil
8976,gil
8977,gil
8978,gil
8979,gil
8980,gil
8981,gil
8982,gil
8983,gil
8984,gil
8985,gil
8986,gil
8987,gil
8988,gil
8989,gil
8990,gil
8991,gil
8992,gil
8993,gil
8994,gil
8995,gil
8996,gil
8997,gil
8998,gil
8999,gil
9000,gil
9001,gil
9002,gil
9003,gil
9004,gil
9005,gil
9006,gil
9007,gil
9008,gil
9009,gil
9010,gil
9011,gil
9012,gil
9013,gil
9014,gil
9015,gil
9016,gil
9017,gil
9018,gil
9019,gil
9020,gil
9021,gil
9022,gil
9023,gil
9024,gil
9025,gil
9026,gil
9027,gil
9028,gil
9029,gil
9030,gil
9031,gil
9032,gil
9033,gil
9034,gil
9035,gil
9036,gil
9037,gil
9038,gil
9039,gil
9040,gil
9041,gil
9042,gil
9043,gil
9044,gil
9045,gil
9046,gil
9047,gil
9048,gil
9049,gil
9050,gil
9051,gil
9052,gil
9053,gil
9054,gil
9055,gil
9056,gil
9057,gil
9058,gil
9059,gil
9060,gil
9061,gil
9062,gil
9063,gil
9064,gil
9065,gil
9066,gil
9067,gil
9068,gil
9069,gil
9070,gil
9071,gil
9072,gil
9073,gil
9074,gil
9075,gil
9076,gil
9077,gil
9078,gil
9079,gil
9080,gil
9081,gil
9082,gil
9083,gil
9084,gil
9085,gil
9086,gil
9087,gil
9088,gil
9089,gil
9090,gil
9091,gil
9092,gil
9093,gil
9094,gil
9095,gil
9096,gil
9097,gil
9098,gil
9099,gil
9100,gil
9101,gil
9102,gil
9103,gil
9104,gil
9105,gil
9106,gil
9107,gil
9108,gil
9109,gil
9110,gil
9111,gil
9112,gil
9113,gil
9114,gil
9115,gil
9116,gil
9117,gil
9118,gil
9119,gil
9120,gil
9121,gil
9122,gil
9123,gil
9124,gil
9125,gil
9126,gil
9127,gil
9128,gil
9129,gil
9130,gil
9131,gil
9132,gil
9133,gil
9134,gil
9135,gil
9136,gil
9137,gil
9138,gil
9139,gil
9140,gil
9141,gil
9142,gil
9143,gil
9144,gil
9145,gil
9146,gil
9147,gil
9148,gil
9149,gil
9150,gil
9151,gil
9152,gil
9153,gil
9154,gil
9155,gil
9156,gil
9157,gil
9158,gil
9159,gil
9160,gil
9161,gil
9162,gil
9163,gil
9164,gil
9165,gil
9166,gil
9167,gil
9168,gil
9169,gil
9170,gil
9171,gil
9172,gil
9173,gil
9174,gil
9175,gil
9176,gil
9177,gil
9178,gil
9179,gil
9180,gil
9181,gil
9182,gil
9183,gil
9184,gil
9185,gil
9186,gil
9187,gil
9188,gil
9189,gil
9190,gil
9191,gil
9192,gil
9193,gil
9194,gil
9195,gil
9196,gil
9197,gil
9198,gil
9199,gil
9200,gil
9201,gil
9202,gil
9203,gil
9204,gil
9205,gil
9206,gil
9207,gil
9208,gil
9209,gil
9210,gil
9211,gil
9212,gil
9213,gil
9214,gil
9215,gil
9216,gil
9217,gil
9218,gil
9219,gil
9220,gil
9221,gil
9222,gil
9223,gil
9224,gil
9225,gil
9226,gil
9227,gil
9228,gil
9229,gil
9230,gil
9231,gil
9232,gil
9233,gil
9234,gil
9235,gil
9236,gil
9237,gil
9238,gil
9239,gil
9240,gil
9241,gil
9242,gil
9243,gil
9244,gil
9245,gil
9246,gil
9247,gil
9248,gil
9249,gil
9250,gil
9251,gil
9252,gil
9253,gil
9254,gil
9255,gil
9256,gil
9257,gil
9258,gil
9259,gil
9260,gil
9261,gil
9262,gil
9263,gil
9264,gil
9265,gil
9266,gil
9267,gil
9268,gil
9269,gil
9270,gil
9271,gil
9272,gil
9273,gil
9274,gil
9275,gil
9276,gil
9277,gil
9278,gil
9279,gil
9280,gil
9281,gil
9282,gil
9283,gil
9284,gil
9285,gil
9286,gil
9287,gil
9288,gil
9289,gil
9290,gil
9291,gil
9292,gil
9293,gil
9294,gil
9295,gil
9296,gil
9297,gil
9298,gil
9299,gil
9300,gil
9301,gil
9302,gil
9303,gil
9304,gil
9305,gil
9306,gil
9307,gil
9308,gil
9309,gil
9310,gil
9311,gil
9312,gil
9313,gil
9314,gil
9315,gil
9316,gil
9317,gil
9318,gil
9319,gil
9320,gil
9321,gil
9322,gil
9323,gil
9324,gil
9325,gil
9326,gil
9327,gil
9328,gil
9329,gil
9330,gil
9331,gil
9332,gil
9333,gil
9334,gil
9335,gil
9336,gil
9337,gil
9338,gil
9339,gil
9340,gil
9341,gil
9342,gil
9343,gil
9344,gil
9345,gil
9346,gil
9347,gil
9348,gil
9349,gil
9350,gil
9351,gil
9352,gil
9353,gil
9354,gil
9355,gil
9356,gil
9357,gil
9358,gil
9359,gil
9360,gil
9361,gil
9362,gil
9363,gil
9364,gil
9365,gil
9366,gil
9367,gil
9368,gil
9369,gil
9370,gil
9371,gil
9372,gil
9373,gil
9374,gil
9375,gil
9376,gil
9377,gil
9378,gil
9379,gil
9380,gil
9381,gil
9382,gil
9383,gil
9384,gil
9385,gil
9386,gil
9387,gil
9388,gil
9389,gil
9390,gil
9391,gil
9392,gil
9393,gil
9394,gil
9395,gil
9396,gil
9397,gil
9398,gil
9399,gil
9400,gil
9401,gil
9402,gil
9403,gil
9404,gil
9405,gil
9406,gil
9407,gil
9408,gil
9409,gil
9410,gil
9411,gil
9412,gil
9413,gil
9414,gil
9415,gil
9416,gil
9417,gil
9418,gil
9419,gil
9420,gil
9421,gil
9422,gil
9423,gil
9424,gil
9425,gil
9426,gil
9427,gil
9428,gil
9429,gil
9430,gil
9431,gil
9432,gil
9433,gil
9434,gil
9435,gil
9436,gil
9437,gil
9438,gil
9439,gil
9440,gil
9441,gil
9442,gil
9443,gil
9444,gil
9445,gil
9446,gil
9447,gil
9448,gil
9449,gil
9450,gil
9451,gil
9452,gil
9453,gil
9454,gil
9455,gil
9456,gil
9457,gil
9458,gil
9459,gil
9460,gil
9461,gil
9462,gil
9463,gil
9464,gil
9465,gil
9466,gil
9467,gil
9468,gil
9469,gil
9470,gil
9471,gil
9472,gil
9473,gil
9474,gil
9475,gil
9476,gil
9477,gil
9478,gil
9479,gil
9480,gil
9481,gil
9482,gil
9483,gil
9484,gil
9485,gil
9486,gil
9487,gil
9488,gil
9489,gil
9490,gil
9491,gil
9492,gil
9493,gil
9494,gil
9495,gil
9496,gil
9497,gil
9498,gil
9499,gil
9500,gil
9501,gil
9502,gil
9503,gil
9504,gil
9505,gil
9506,gil
9507,gil
9508,gil
9509,gil
9510,gil
9511,gil
9512,gil
9513,gil
9514,gil
9515,gil
9516,gil
9517,gil
9518,gil
9519,gil
9520,gil
9521,gil
9522,gil
9523,gil
9524,gil
9525,gil
9526,gil
9527,gil
9528,gil
9529,gil
9530,gil
9531,gil
9532,gil
9533,gil
9534,gil
9535,gil
9536,gil
9537,gil
9538,gil
9539,gil
9540,gil
9541,gil
9542,gil
9543,gil
9544,gil
9545,gil
9546,gil
9547,gil
9548,gil
9549,gil
9550,gil
9551,gil
9552,gil
9553,gil
9554,gil
9555,gil
9556,gil
9557,gil
9558,gil
9559,gil
9560,gil
9561,gil
9562,gil
9563,gil
9564,gil
9565,gil
9566,gil
9567,gil
9568,gil
9569,gil
9570,gil
9571,gil
9572,gil
9573,gil
9574,gil
9575,gil
9576,gil
9577,gil
9578,gil
9579,gil
9580,gil
9581,gil
9582,gil
9583,gil
9584,gil
9585,gil
9586,gil
9587,gil
9588,gil
9589,gil
9590,gil
9591,gil
9592,gil
9593,gil
9594,gil
9595,gil
9596,gil
9597,gil
9598,gil
9599,gil
9600,gil
9601,gil
9602,gil
9603,gil
9604,gil
9605,gil
9606,gil
9607,gil
9608,gil
9609,gil
9610,gil
9611,gil
9612,gil
9613,gil
9614,gil
9615,gil
9616,gil
9617,gil
9618,gil
9619,gil
9620,gil
9621,gil
9622,gil
9623,gil
9624,gil
9625,gil
9626,gil
9627,gil
9628,gil
9629,gil
9630,gil
9631,gil
9632,gil
9633,gil
9634,gil
9635,gil
9636,gil
9637,gil
9638,gil
9639,gil
9640,gil
9641,gil
9642,gil
9643,gil
9644,gil
9645,gil
9646,gil
9647,gil
9648,gil
9649,gil
9650,gil
9651,gil
9652,gil
9653,gil
9654,gil
9655,gil
9656,gil
9657,gil
9658,gil
9659,gil
9660,gil
9661,gil
9662,gil
9663,gil
9664,gil
9665,gil
9666,gil
9667,gil
9668,gil
9669,gil
9670,gil
9671,gil
9672,gil
9673,gil
9674,gil
9675,gil
9676,gil
9677,gil
9678,gil
9679,gil
9680,gil
9681,gil
9682,gil
9683,gil
9684,gil
9685,gil
9686,gil
9687,gil
9688,gil
9689,gil
9690,gil
9691,gil
9692,gil
9693,gil
9694,gil
9695,gil
9696,gil
9697,gil
9698,gil
9699,gil
9700,gil
9701,gil
9702,gil
9703,gil
9704,gil
9705,gil
9706,gil
9707,gil
9708,gil
9709,gil
9710,gil
9711,gil
9712,gil
9713,gil
9714,gil
9715,gil
9716,gil
9717,gil
9718,gil
9719,gil
9720,gil
9721,gil
9722,gil
9723,gil
9724,gil
9725,gil
9726,gil
9727,gil
9728,gil
9729,gil
9730,gil
9731,gil
9732,gil
9733,gil
9734,gil
9735,gil
9736,gil
9737,gil
9738,gil
9739,gil
9740,gil
9741,gil
9742,gil
9743,gil
9744,gil
9745,gil
9746,gil
9747,gil
9748,gil
9749,gil
9750,gil
9751,gil
9752,gil
9753,gil
9754,gil
9755,gil
9756,gil
9757,gil
9758,gil
9759,gil
9760,gil
9761,gil
9762,gil
9763,gil
9764,gil
9765,gil
9766,gil
9767,gil
9768,gil
9769,gil
9770,gil
9771,gil
9772,gil
9773,gil
9774,gil
9775,gil
9776,gil
9777,gil
9778,gil
9779,gil
9780,gil
9781,gil
9782,gil
9783,gil
9784,gil
9785,gil
9786,gil
9787,gil
9788,gil
9789,gil
9790,gil
9791,gil
9792,gil
9793,gil
9794,gil
9795,gil
9796,gil
9797,gil
9798,gil
9799,gil
9800,gil
9801,gil
9802,gil
9803,gil
9804,gil
9805,gil
9806,gil
9807,gil
9808,gil
9809,gil
9810,gil
9811,gil
9812,gil
9813,gil
9814,gil
9815,gil
9816,gil
9817,gil
9818,gil
9819,gil
9820,gil
9821,gil
9822,gil
9823,gil
9824,gil
9825,gil
9826,gil
9827,gil
9828,gil
9829,gil
9830,gil
9831,gil
9832,gil
9833,gil
9834,gil
9835,gil
9836,gil
9837,gil
9838,gil
9839,gil
9840,gil
9841,gil
9842,gil
9843,gil
9844,gil
9845,gil
9846,gil
9847,gil
9848,gil
9849,gil
9850,gil
9851,gil
9852,gil
9853,gil
9854,gil
9855,gil
9856,gil
9857,gil
9858,gil
9859,gil
9860,gil
9861,gil
9862,gil
9863,gil
9864,gil
9865,gil
9866,gil
9867,gil
9868,gil
9869,gil
9870,gil
9871,gil
9872,gil
9873,gil
9874,gil
9875,gil
9876,gil
9877,gil
9878,gil
9879,gil
9880,gil
9881,gil
9882,gil
9883,gil
9884,gil
9885,gil
9886,gil
9887,gil
9888,gil
9889,gil
9890,gil
9891,gil
9892,gil
9893,gil
9894,gil
9895,gil
9896,gil
9897,gil
9898,gil
9899,gil
9900,gil
9901,gil
9902,gil
9903,gil
9904,gil
9905,gil
9906,gil
9907,gil
9908,gil
9909,gil
9910,gil
9911,gil
9912,gil
9913,gil
9914,gil
9915,gil
9916,gil
9917,gil
9918,gil
9919,gil
9920,gil
9921,gil
9922,gil
9923,gil
9924,gil
9925,gil
9926,gil
9927,gil
9928,gil
9929,gil
9930,gil
9931,gil
9932,gil
9933,gil
9934,gil
9935,gil
9936,gil
9937,gil
9938,gil
9939,gil
9940,gil
9941,gil
9942,gil
9943,gil
9944,gil
9945,gil
9946,gil
9947,gil
9948,gil
9949,gil
9950,gil
9951,gil
9952,gil
9953,gil
9954,gil
9955,gil
9956,gil
9957,gil
9958,gil
9959,gil
9960,gil
9961,gil
9962,gil
9963,gil
9964,gil
9965,gil
9966,gil
9967,gil
9968,gil
9969,gil
9970,gil
9971,gil
9972,gil
9973,gil
9974,gil
9975,gil
9976,gil
9977,gil
9978,gil
9979,gil
9980,gil
9981,gil
9982,gil
9983,gil
9984,gil
9985,gil
9986,gil
9987,gil
9988,gil
9989,gil
9990,gil
9991,gil
9992,gil
9993,gil
9994,gil
9995,gil
9996,gil
9997,gil
9998,gil
9999,gil
10000,gil
10001,gil
10002,gil
10003,gil
10004,gil
10005,gil
10006,gil
10007,gil
10008,gil
10009,gil
10010,gil
10011,gil
10012,gil
10013,gil
10014,gil
10015,gil
10016,gil
10017,gil
10018,gil
10019,gil
10020,gil
10021,gil
10022,gil
10023,gil
10024,gil
10025,gil
10026,gil
10027,gil
10028,gil
10029,gil
10030,gil
10031,gil
10032,gil
10033,gil
10034,gil
10035,gil
10036,gil
10037,gil
10038,gil
10039,gil
10040,gil
10041,gil
10042,gil
10043,gil
10044,gil
10045,gil
10046,gil
10047,gil
10048,gil
10049,gil
10050,gil
10051,gil
10052,gil
10053,gil
10054,gil
10055,gil
10056,gil
10057,gil
10058,gil
10059,gil
10060,gil
10061,gil
10062,gil
10063,gil
10064,gil
10065,gil
10066,gil
10067,gil
10068,gil
10069,gil
10070,gil
10071,gil
10072,gil
10073,gil
10074,gil
10075,gil
10076,gil
10077,gil
10078,gil
10079,gil
10080,gil
10081,gil
10082,gil
10083,gil
10084,gil
10085,gil
10086,gil
10087,gil
10088,gil
10089,gil
10090,gil
10091,gil
10092,gil
10093,gil
10094,gil
10095,gil
10096,gil
10097,gil
10098,gil
10099,gil
10100,gil
10101,gil
10102,gil
10103,gil
10104,gil
10105,gil
10106,gil
10107,gil
10108,gil
10109,gil
10110,gil
10111,gil
10112,gil
10113,gil
10114,gil
10115,gil
10116,gil
10117,gil
10118,gil
10119,gil
10120,gil
10121,gil
10122,gil
10123,gil
10124,gil
10125,gil
10126,gil
10127,gil
10128,gil
10129,gil
10130,gil
10131,gil
10132,gil
10133,gil
10134,gil
10135,gil
10136,gil
10137,gil
10138,gil
10139,gil
10140,gil
10141,gil
10142,gil
10143,gil
10144,gil
10145,gil
10146,gil
10147,gil
10148,gil
10149,gil
10150,gil
10151,gil
10152,gil
10153,gil
10154,gil
10155,gil
10156,gil
10157,gil
10158,gil
10159,gil
10160,gil
10161,gil
10162,gil
10163,gil
10164,gil
10165,gil
10166,gil
10167,gil
10168,gil
10169,gil
10170,gil
10171,gil
10172,gil
10173,gil
10174,gil
10175,gil
10176,gil
10177,gil
10178,gil
10179,gil
10180,gil
10181,gil
10182,gil
10183,gil
10184,gil
10185,gil
10186,gil
10187,gil
10188,gil
10189,gil
10190,gil
10191,gil
10192,gil
10193,gil
10194,gil
10195,gil
10196,gil
10197,gil
10198,gil
10199,gil
10200,gil
10201,gil
10202,gil
10203,gil
10204,gil
10205,gil
10206,gil
10207,gil
10208,gil
10209,gil
10210,gil
10211,gil
10212,gil
10213,gil
10214,gil
10215,gil
10216,gil
10217,gil
10218,gil
10219,gil
10220,gil
10221,gil
10222,gil
10223,gil
10224,gil
10225,gil
10226,gil
10227,gil
10228,gil
10229,gil
10230,gil
10231,gil
10232,gil
10233,gil
10234,gil
10235,gil
10236,gil
10237,gil
10238,gil
10239,gil
10240,gil
10241,gil
10242,gil
10243,gil
10244,gil
10245,gil
10246,gil
10247,gil
10248,gil
10249,gil
10250,gil
10251,gil
10252,gil
10253,gil
10254,gil
10255,gil
10256,gil
10257,gil
10258,gil
10259,gil
10260,gil
10261,gil
10262,gil
10263,gil
10264,gil
10265,gil
10266,gil
10267,gil
10268,gil
10269,gil
10270,gil
10271,gil
10272,gil
10273,gil
10274,gil
10275,gil
10276,gil
10277,gil
10278,gil
10279,gil
10280,gil
10281,gil
10282,gil
10283,gil
10284,gil
10285,gil
10286,gil
10287,gil
10288,gil
10289,gil
10290,gil
10291,gil
10292,gil
10293,gil
10294,gil
10295,gil
10296,gil
10297,gil
10298,gil
10299,gil
10300,gil
10301,gil
10302,gil
10303,gil
10304,gil
10305,gil
10306,gil
10307,gil
10308,gil
10309,gil
10310,gil
10311,gil
10312,gil
10313,gil
10314,gil
10315,gil
10316,gil
10317,gil
10318,gil
10319,gil
10320,gil
10321,gil
10322,gil
10323,gil
10324,gil
10325,gil
10326,gil
10327,gil
10328,gil
10329,gil
10330,gil
10331,gil
10332,gil
10333,gil
10334,gil
10335,gil
10336,gil
10337,gil
10338,gil
10339,gil
10340,gil
10341,gil
10342,gil
10343,gil
10344,gil
10345,gil
10346,gil
10347,gil
10348,gil
10349,gil
10350,gil
10351,gil
10352,gil
10353,gil
10354,gil
10355,gil
10356,gil
10357,gil
10358,gil
10359,gil
10360,gil
10361,gil
10362,gil
10363,gil
10364,gil
10365,gil
10366,gil
10367,gil
10368,gil
10369,gil
10370,gil
10371,gil
10372,gil
10373,gil
10374,gil
10375,gil
10376,gil
10377,gil
10378,gil
10379,gil
10380,gil
10381,gil
10382,gil
10383,gil
10384,gil
10385,gil
10386,gil
10387,gil
10388,gil
10389,gil
10390,gil
10391,gil
10392,gil
10393,gil
10394,gil
10395,gil
10396,gil
10397,gil
10398,gil
10399,gil
10400,gil
10401,gil
10402,gil
10403,gil
10404,gil
10405,gil
10406,gil
10407,gil
10408,gil
10409,gil
10410,gil
10411,gil
10412,gil
10413,gil
10414,gil
10415,gil
10416,gil
10417,gil
10418,gil
10419,gil
10420,gil
10421,gil
10422,gil
10423,gil
10424,gil
10425,gil
10426,gil
10427,gil
10428,gil
10429,gil
10430,gil
10431,gil
10432,gil
10433,gil
10434,gil
10435,gil
10436,gil
10437,gil
10438,gil
10439,gil
10440,gil
10441,gil
10442,gil
10443,gil
10444,gil
10445,gil
10446,gil
10447,gil
10448,gil
10449,gil
10450,gil
10451,gil
10452,gil
10453,gil
10454,gil
10455,gil
10456,gil
10457,gil
10458,gil
10459,gil
10460,gil
10461,gil
10462,gil
10463,gil
10464,gil
10465,gil
10466,gil
10467,gil
10468,gil
10469,gil
10470,gil
10471,gil
10472,gil
10473,gil
10474,gil
10475,gil
10476,gil
10477,gil
10478,gil
10479,gil
10480,gil
10481,gil
10482,gil
10483,gil
10484,gil
10485,gil
10486,gil
10487,gil
10488,gil
10489,gil
10490,gil
10491,gil
10492,gil
10493,gil
10494,gil
10495,gil
10496,gil
10497,gil
10498,gil
10499,gil
10500,gil
10501,gil
10502,gil
10503,gil
10504,gil
10505,gil
10506,gil
10507,gil
10508,gil
10509,gil
10510,gil
10511,gil
10512,gil
10513,gil
10514,gil
10515,gil
10516,gil
10517,gil
10518,gil
10519,gil
10520,gil
10521,gil
10522,gil
10523,gil
10524,gil
10525,gil
10526,gil
10527,gil
10528,gil
10529,gil
10530,gil
10531,gil
10532,gil
10533,gil
10534,gil
10535,gil
10536,gil
10537,gil
10538,gil
10539,gil
10540,gil
10541,gil
10542,gil
10543,gil
10544,gil
10545,gil
10546,gil
10547,gil
10548,gil
10549,gil
10550,gil
10551,gil
10552,gil
10553,gil
10554,gil
10555,gil
10556,gil
10557,gil
10558,gil
10559,gil
10560,gil
10561,gil
10562,gil
10563,gil
10564,gil
10565,gil
10566,gil
10567,gil
10568,gil
10569,gil
10570,gil
10571,gil
10572,gil
10573,gil
10574,gil
10575,gil
10576,gil
10577,gil
10578,gil
10579,gil
10580,gil
10581,gil
10582,gil
10583,gil
10584,gil
10585,gil
10586,gil
10587,gil
10588,gil
10589,gil
10590,gil
10591,gil
10592,gil
10593,gil
10594,gil
10595,gil
10596,gil
10597,gil
10598,gil
10599,gil
10600,gil
10601,gil
10602,gil
10603,gil
10604,gil
10605,gil
10606,gil
10607,gil
10608,gil
10609,gil
10610,gil
10611,gil
10612,gil
10613,gil
10614,gil
10615,gil
10616,gil
10617,gil
10618,gil
10619,gil
10620,gil
10621,gil
10622,gil
10623,gil
10624,gil
10625,gil
10626,gil
10627,gil
10628,gil
10629,gil
10630,gil
10631,gil
10632,gil
10633,gil
10634,gil
10635,gil
10636,gil
10637,gil
10638,gil
10639,gil
10640,gil
10641,gil
10642,gil
10643,gil
10644,gil
10645,gil
10646,gil
10647,gil
10648,gil
10649,gil
10650,gil
10651,gil
10652,gil
10653,gil
10654,gil
10655,gil
10656,gil
10657,gil
10658,gil
10659,gil
10660,gil
10661,gil
10662,gil
10663,gil
10664,gil
10665,gil
10666,gil
10667,gil
10668,gil
10669,gil
10670,gil
10671,gil
10672,gil
10673,gil
10674,gil
10675,gil
10676,gil
10677,gil
10678,gil
10679,gil
10680,gil
10681,gil
10682,gil
10683,gil
10684,gil
10685,gil
10686,gil
10687,gil
10688,gil
10689,gil
10690,gil
10691,gil
10692,gil
10693,gil
10694,gil
10695,gil
10696,gil
10697,gil
10698,gil
10699,gil
10700,gil
10701,gil
10702,gil
10703,gil
10704,gil
10705,gil
10706,gil
10707,gil
10708,gil
10709,gil
10710,gil
10711,gil
10712,gil
10713,gil
10714,gil
10715,gil
10716,gil
10717,gil
10718,gil
10719,gil
10720,gil
10721,gil
10722,gil
10723,gil
10724,gil
10725,gil
10726,gil
10727,gil
10728,gil
10729,gil
10730,gil
10731,gil
10732,gil
10733,gil
10734,gil
10735,gil
10736,gil
10737,gil
10738,gil
10739,gil
10740,gil
10741,gil
10742,gil
10743,gil
10744,gil
10745,gil
10746,gil
10747,gil
10748,gil
10749,gil
10750,gil
10751,gil
10752,gil
10753,gil
10754,gil
10755,gil
10756,gil
10757,gil
10758,gil
10759,gil
10760,gil
10761,gil
10762,gil
10763,gil
10764,gil
10765,gil
10766,gil
10767,gil
10768,gil
10769,gil
10770,gil
10771,gil
10772,gil
10773,gil
10774,gil
10775,gil
10776,gil
10777,gil
10778,gil
10779,gil
10780,gil
10781,gil
10782,gil
10783,gil
10784,gil
10785,gil
10786,gil
10787,gil
10788,gil
10789,gil
10790,gil
10791,gil
